0,1
%,2
133,2
26,2
420,2
46,2
489,2
55,2
abc,2
ac,2
ak,2
apps,2
app,2
ban,2
bb,2
bb仔,1
benz,2
bio,2
blog,2
book,2
bra,2
b,2
cafe,2
cake,2
call,2
cap,2
case,2
cctv,2
check,2
chok,2
com,2
cons,2
contract,2
con,2
cop,2
cosplay,2
course,2
cut,2
data,2
del,2
disco,2
do,2
dq,2
dse,2
d,2
email,2
engine,2
er,2
ex,2
feel,2
fit,2
form,2
for,2
friend,2
function,2
fu,2
game,2
gb,2
google,2
gram,2
group,2
high,2
hit,2
hurt,2
idea,2
ii,1
in,2
it,2
it狗,1
j,2
kol,2
ko,2
k,2
k房,1
label,2
level,2
link,2
logo,2
lu,2
l,2
man,2
mark,2
miss,2
mk仔,1
mon,2
m,2
ng,2
notes,2
n,2
ok,2
op,2
ot,2
out,2
over,2
paper,2
party,2
pi,2
plan,2
pm,2
point,2
post,2
po,2
professor,2
program,2
pub,2
p,2
q,2
r,2
sa,2
science,2
sell,2
sem,2
send,2
sense,2
ser,2
set,2
share,2
short,2
shot,2
show,2
social,2
sor,1
so,2
stat,2
su,2
tag,2
take,2
talk,2
target,2
team,2
term,2
test,2
top,2
train,2
tutor,2
t,2
un,2
update,2
up,2
u,2
vip,2
we,2
work,2
x,2
x光,1
youtuber,2
youtube,2
yo,2
y,2
z,2
㗎,2
㗎嘛,2
䁽,1
一,2
一一,2
一下,2
一下子,1
一不做二不休,1
一世,2
一事,2
一二邊,1
一五一十,1
一些,1
一代,2
一份子,1
一來,2
一係,1
一個二個,1
一個人,2
一共,2
一刀兩斷,1
一切,2
一刻,2
一剎那,1
一匹布咁長,1
一千,2
一半,2
一口氣,2
一向,2
一味,1
一啲,2
一嘢,1
一地都係,1
一場,1
一塊,1
一声令下,1
一夜之間,1
一如以往,1
一定,2
一家之主,1
一帶,1
一帶一路,2
一度,1
一律,1
一心,2
一手,2
一把火,1
一排,1
一改,1
一方面,2
一於,1
一日,2
一旦,1
一早,2
一時,2
一時一樣,1
一時三刻,1
一時之間,1
一時間,2
一月,2
一本,2
一模一樣,1
一樣,2
一次又一次,1
一次過,1
一無所有,1
一生,2
一百,2
一直,2
一眼,2
一眼關七,1
一窩蜂,1
一系列,1
一級,1
一絲,1
一絲不苟,1
一線,1
一聲令下,1
一肚子,2
一腳踢,1
一致,1
一舉,1
一般,2
一般人,1
一言以蔽之,1
一讀,1
一貫,1
一起,2
一路,2
一身,1
一連,1
一連串,1
一道,1
一邊,2
一部分,2
一針見血,1
一閃即逝,1
一阵,2
一陣,2
一面,1
一馬當先,1
一體,1
一點,1
一齊,2
丁,1
七,2
七七八八,1
七彩,1
万,1
丈夫,1
三,2
三兩下手勢,1
三公,1
三國,1
三寸不爛之舌,1
三幾,2
三文治,1
三文魚,1
三月,2
三角,1
三長兩短,1
三頭六臂,1
上,2
上下,1
上任,1
上便,1
上個月,2
上前,1
上升,1
上去,2
上古,1
上司,1
上堂,1
上天,1
上客,1
上層,1
上山,2
上帝,1
上年,1
上心,1
上手,1
上揚,1
上樓,1
上次,2
上流,1
上海,2
上班,1
上環,1
上當,1
上網,1
上線,1
上莊,1
上蓋,1
上街,1
上訴,1
上身,1
上車,2
上載,1
上述,1
上門,1
上電,1
上面,2
上香,1
上高,1
下,2
下一個,2
下下,1
下世,1
下个月,2
下來,1
下個月,2
下午,1
下半世,1
下去,2
下嘛,1
下場,1
下巴,1
下年,1
下意識,1
下手,1
下把,1
下文,1
下晝,2
下次,2
下班,1
下等,1
下跌,2
下身,1
下边,1
下邊,1
下間,1
下降,1
下陷,1
下面,2
下風,1
不,2
不一,1
不久,1
不乏,1
不予置評,1
不但,1
不俗,1
不停,2
不公,1
不利,1
不厭其煩,1
不可,2
不可或缺,1
不可理喻,1
不合,1
不同,2
不吐不快,1
不吝,1
不和,1
不外乎,1
不如,2
不妨,1
不嬲,1
不孝,1
不安,2
不少,2
不屈,1
不屈不撓,1
不屑,1
不平則鳴,1
不幸,1
不得,1
不得了,1
不復,1
不成,1
不擇手段,1
不斷,2
不時,1
不期然,1
不止,1
不測,1
不滿,1
不為所動,1
不無,1
不特只,1
不用,2
不相伯仲,1
不知不覺,1
不知天高地厚,1
不知幾,1
不知所措,1
不知所謂,1
不祥,1
不禁,1
不等,1
不置可否,1
不翼而飛,1
不能自拔,1
不至於,1
不要,1
不見得,1
不計其數,1
不論,1
不足,1
不辭而別,1
不過,2
不顧一切,1
丑,1
世,2
世上,1
世事,2
世交,1
世人,1
世代,2
世伯,1
世侄,1
世叔,1
世界,2
世界觀,1
世紀,1
世道,1
世間,1
丙,1
丟,2
两,2
並,1
並且,1
並排,1
並非,1
个,2
个人,2
丫,2
中,2
中二病,1
中伏,1
中共,1
中午,2
中原,1
中古,2
中國,2
中國籍,1
中大,1
中央,1
中女,1
中學,2
中小企,1
中山,1
中年,2
中式,2
中彈,1
中心,2
中招,1
中文,2
中文大學,2
中文字,1
中斷,1
中毒,1
中港,1
中環,2
中產,1
中等,1
中線,1
中美洲,1
中華民國,1
中藥,1
中途,1
中醫,1
中間,2
中風,1
串,1
串埋,1
串字,1
丸,1
丸仔,1
丹,1
为,1
主,1
主人,2
主人家,1
主修,1
主動,2
主場,1
主宰,1
主席,1
主張,1
主意,2
主打,1
主持,1
主權,1
主流,1
主編,1
主義,1
主要,2
主見,1
主觀,1
主角,1
主語,1
主辦,1
主題,2
久,1
久而久之,1
久違,1
之,2
之一,2
之上,1
之下,2
之不過,2
之中,2
之內,2
之前,2
之后,2
之嘛,2
之外,2
之後,2
之所以,2
之間,2
之際,1
之類,2
之餘,1
乎,1
乏,1
乏味,1
乏善足陳,1
乒乓波,1
乖,1
乘,1
乘勝追擊,1
乘機,1
乘虛而入,1
乙,1
乜,2
乜乜乜,1
乜嘢,2
乜嘢環境,1
乜嘢話,1
乜春,2
乜頭乜路,1
乜鬼,1
九,2
九成,1
九月,2
九龍,1
九龍灣,1
乞,1
乞人憎,1
乞兒,1
乞食,1
也,1
乳房,1
乳溝,1
乳牛,1
乳頭,1
乾,1
乾咳,1
乾洗,1
乾涸,1
乾淨,1
亂,2
亂七八糟,1
亂倫,1
亂咁,1
亂噏,1
亂講,2
了,2
了斷,1
了結,1
了解,2
事,2
事件,2
事先,1
事實,1
事實上,2
事實擺在眼前,1
事後,2
事情,2
事故,2
事業,1
事業線,1
事物,1
事理,1
事發,1
事發經過,1
事跡,1
事關,1
事頭婆,1
二,2
二世祖,1
二等,1
云,1
互,1
互動,1
互惠,1
互相,2
互聯網,1
五,2
五光十色,1
五噸半,1
五星級,1
五穀,1
井,1
亚太区,1
些少,1
亞,1
亞洲,1
亡,1
交,2
交人,1
交代,1
交匯,1
交帶,1
交情,2
交戲,1
交投,1
交換,1
交收,1
交易,1
交流,1
交界,1
交談,1
交通,1
交通燈,1
交錯,1
交際,1
亦,2
亦即係,1
亦都,2
享,1
享受,1
亭,1
人,2
人事,2
人人,2
人們,1
人口,2
人名,1
人哋,2
人員,1
人嚟,1
人均,1
人士,1
人家,2
人工,1
人心,2
人性,2
人情味,1
人手,1
人才,1
人數,1
人文,1
人格,1
人權,1
人民,1
人民幣,1
人流,1
人海,1
人渣,1
人為,1
人煙,1
人物,1
人生,2
人生觀,1
人種,1
人稱,1
人等,1
人緣,1
人群,2
人身,2
人造,1
人間,1
人際關係,1
人面,1
人頭,1
人類,2
人類學,1
人體,1
亻,1
仁愛,1
仄,1
仆,1
仆你個街,1
仆街,2
仆街仔,1
仇,1
仇恨,1
今,2
今世,1
今個星期,2
今個月,2
今天,2
今年,2
今日,2
今時今日,1
今晚,2
今朝,2
今期,1
今次,2
介,1
介乎,1
介意,1
介紹,2
仍,1
仍然,1
仓,1
仔,2
仔仔,1
仔女,1
仔房,1
仔細,1
他,2
他人,2
他们,2
他們,2
仗,1
付,1
付出,1
仙,1
仙人掌,1
仙女,1
仟,1
代,2
代價,1
代替,1
代號,1
代表,2
代言人,1
令,2
令到,2
以,2
以上,1
以下,2
以來,1
以便,1
以前,2
以及,1
以嚟,2
以外,1
以往,1
以後,2
以為,2
以至,1
以色列,1
以資,1
以身試法,1
仰慕,1
仲,2
仲係,2
仲得了,1
仲有,2
价位,1
任,2
任何,2
任務,1
任性,1
任由,1
份,2
份人,1
份量,1
仿,1
企,2
企業,1
企理,1
企硬,1
伊拉克,1
伊朗,1
伏,1
伏低,1
伏擊,1
伐,1
休,1
休息,2
休養,1
伙,1
会,1
伯,1
伯伯,1
伯母,1
伯爵,1
估,2
估計,1
伴,1
伴侶,1
伴隨,1
伶俐,1
伸,1
伸出,1
伸懶腰,1
似,2
似乎,1
似層層,1
似曾相識,1
似樣,1
似足,1
但,2
但係,2
但是,2
佈滿,1
佈置,1
位,2
位置,1
低,2
低下,1
低估,1
低俗,1
低廉,1
低沉,1
低聲,1
低聲下氣,1
低能,1
低落,1
低頭,1
住,2
住家,1
住宿,1
住屋,1
住房,1
佐敦,1
佑,1
佔,1
佔地,1
何,1
何不,1
何其,1
何嘗,1
何必,1
何況,1
何等,1
佘,1
佛,1
作,1
作出,1
作勢,1
作品,1
作客,1
作家,1
作實,1
作息,1
作文,1
作死,1
作為,1
作狀,1
作用,1
作者,1
你,2
你個死人頭,1
你們,1
你呢,2
你哋,2
你就想,1
你眼望我眼,1
你等,2
你老母,2
你老闆,2
佢,2
佢哋,2
佢老母,1
佣,1
佣金,1
佩,1
佩服,1
佬,2
佰,2
佳,1
佳作,1
佳麗,1
使,2
使乜,1
使得,1
使然,1
使用,1
使錢,1
來,2
來回,1
來往,1
來意,1
來歷,1
來源,1
來自,1
來電,1
來電顯示,1
來龍去脈,1
例外,1
例如,2
例子,2
例行,1
侍應,1
供,1
供應,1
供樓,1
供電,1
依,1
依啲,1
依家,2
依度,1
依循,1
依歸,1
依然,2
依然故我,1
依照,1
依稀,1
依舊,1
依邊,1
依靠,1
侮辱,1
侯,2
侵入,1
侵犯,1
侵略,1
侵蝕,1
便,1
便利,1
便利店,1
便宜,1
係,2
係人都,1
係呀,2
係呢,2
係咁先,1
係咁嘅,1
係咁大,1
係咪,2
係唔係,2
係噉,1
係噉意,1
係都,2
促,1
促使,1
促成,1
俄,1
俄文,2
俄羅斯,1
俊,1
俗,1
俗套,1
俗字,1
俗稱,1
俗語,1
保,1
保住,1
保佑,1
保加利亞,1
保存,1
保守,1
保安,1
保持,1
保時捷,1
保留,1
保管,1
保護,1
保護色,1
保重,1
保鑣,1
保障,1
保險,1
保養,1
保齡球,1
俠客,1
俠義,1
信,2
信仰,1
信任,1
信奉,1
信徒,1
信心,2
信念,1
信眾,1
信賴,1
信邪,1
修,1
修業,1
修補,1
修長,1
修飾,1
俯瞰,1
俱,1
俱樂部,1
俾,2
俾心機,1
俾錢,2
倉,1
個,2
個人,2
個位,2
個個,2
個別,1
個性,1
個月,2
個鐘,2
個體,1
倍,1
們,1
倒,1
倒不如,1
倒台,1
倒影,1
倒後鏡,1
倒數,1
倒轉,1
倒閉,1
倔強,1
倖免,1
倘,1
候,2
候選,1
借,2
借宿,1
借詞,1
倫,1
倫敦,2
倫敦金,2
值,1
值得,2
值錢,1
假,2
假如,1
假期,1
假設,1
假象,1
假髮,1
偈,1
偉,1
偉大,1
偏,1
偏偏,1
偏激,1
偏見,1
做,2
做乜,2
做乜嘢,2
做事,1
做人,2
做倉,1
做出面,1
做咩,2
做嘢,2
做壽,1
做女,1
做好心,1
做得,2
做忌,1
做愛,1
做戲,1
做法,2
做運動,2
停,2
停手,2
停業,1
停止,2
停留,1
停車場,2
停頓,1
健,2
健康,2
側邊,1
偵探,1
偵破,1
偶然,1
偶爾,1
偷,2
偷偷,1
偷嘢,1
偷懶,1
偷睇,1
偷聽,1
偷走,1
偷食,1
偽裝,1
偽造,1
傅,1
備,1
傢俬,1
催促,1
催化劑,1
催淚彈,1
傲慢,1
傳,1
傳出,1
傳單,1
傳奇,1
傳媒,1
傳承,1
傳授,1
傳播,1
傳染,1
傳統,1
傳言,1
傳送,1
傳道人,1
傳遞,1
傳開,1
債,1
債仔,1
傷,1
傷勢,1
傷口,2
傷害,2
傷心,1
傷感,1
傷殘,1
傷痕,1
傷痛,1
傷風,1
傻,2
傻仔,2
傻妹,1
傻婆,1
傻的嗎,2
傾,2
傾偈,2
傾吐,1
傾向,1
傾斜,1
傾訴,1
傾電話,2
僅,1
僅僅,1
像,1
僥倖,1
僱,1
僱主,1
價,2
價值,1
價值觀,1
價格,1
價目,1
價錢,1
儀器,1
儀式,1
億,1
儒,1
儒家,1
儘快,1
儘管,1
儘量,1
優,1
優秀,1
優良,1
優越,1
優點,1
儲,1
儲備,1
儲起,1
儲錢,1
元,2
元朗,1
元素,1
元音,2
兄,1
兄弟,2
兄弟姊妹,2
充,1
充公,1
充斥,1
充滿,1
充足,1
充電,1
兇,1
兇悍,1
兇手,1
兇狠,1
兇猛,1
先,2
先人,1
先兆,1
先好,1
先斬後奏,1
先生,2
先知,2
先至,1
先進,1
光,2
光亮,1
光明,2
光榮,1
光滑,1
光環,1
光管,1
光脱脱,1
光速,1
光頭,1
光頭佬,2
克,1
克制,1
克服,1
免費,1
兒,2
兒戲,1
兒童,1
兔,1
兜,1
兜口兜面,1
入,2
入伙,1
入侵,1
入去,2
入口,2
入嚟,2
入境,1
入夢,1
入屋,2
入市,1
入座,1
入廁所,2
入手,1
入樽,1
入櫃,1
入油,1
入波,1
入流,1
入睡,1
入神,1
入聲,1
入股,1
入行,1
入邊,2
入門,2
入閘,1
入面,2
入黑,1
內,2
內地,1
內容,2
內心,2
內戰,1
內涵,1
內疚,1
內部,1
全,2
全世界,2
全力,2
全名,1
全場,1
全家,2
全家福,1
全心全意,1
全數,1
全文,1
全新,2
全港,1
全球,2
全神貫注,1
全程,1
全能,1
全身,2
全部,2
全面,1
兩,2
兩份,1
兩公婆,1
兩地,1
兩溝,1
兩粒花,1
兩老,1
八,2
八卦,1
八婆,1
公,2
公事,2
公仔,1
公仔書,1
公佈,1
公共,2
公司,2
公器私用,1
公園,2
公子,1
公孫,1
公安,1
公家,1
公審,1
公屋,1
公平,2
公幹,1
公文,1
公斤,1
公民,1
公海,1
公牛,1
公眾,1
公眾人物,1
公立,1
公義,1
公認,1
公路,2
公道,1
公里,1
公開,2
公關,1
公雞,1
六,2
六月,2
六神無主,1
六角形,1
共,2
共享,1
共同,2
共同體,1
共識,1
共通,1
兴趣,1
兵,2
兵器,1
其,2
其中,2
其他,2
其實,2
其次,1
其餘,1
具,1
具體,1
典,1
典型,1
兼,1
兼且,1
兼職,1
兼顧,1
冇,2
冇乜,2
冇事,2
冇事冇幹,1
冇人有,1
冇問題,2
冇啖好食,1
冇嘢,2
冇害,1
冇家教,1
冇幾耐,2
冇得彈,1
冇得救,1
冇得頂,1
冇心,1
冇心裝載,1
冇情講,1
冇所謂,2
冇手尾,1
冇挐掕,1
冇機,1
冇理由,1
冇用,2
冇癮,1
冇眼睇,1
冇研究,1
冇耐,1
冇聲出,1
冇腦,1
冇行,1
冇計,2
冇錢,2
冇錯,2
冇面,1
冇飯開,1
冊,1
再,2
再三,1
再傾,2
再唔係,1
再度,1
再开,1
再次,2
再者,1
再見,2
再試,1
冒,1
冒犯,1
冒險,1
冗,1
冚,1
冚家剷,1
冤,1
冤魂,1
冧,1
冬天,2
冬季,1
冬瓜,1
冰,2
冰冷,2
冰島,1
冰櫃,1
冲,1
冷,2
冷戰,1
冷氣,1
冷汗,1
冷淡,1
冷笑,1
冷線,1
冷血,1
冷衫,1
冷親,1
冷言冷語,1
冷靜,1
冷飯,1
准,1
凌,1
凌亂,1
凌晨,1
凌遲,1
凍,2
凝固,1
凝望,1
凝神,1
凝結,1
凝聚,1
凝視,1
几,1
几多,2
凡,1
凡事,1
凱,1
凳仔,1
凸,1
凸出,1
凹,1
凹凸不平,1
凹陷,1
出,2
出世,2
出事,2
出任,1
出來,1
出入,2
出入口,1
出動,1
出去,2
出口,2
出名,2
出嚟,2
出嚟行,1
出場,1
出奇,1
出席,1
出庭,1
出手,1
出於,1
出樣,1
出殯,1
出汗,2
出海,1
出版,1
出獄,1
出現,2
出生入死,1
出發,2
出眾,1
出示,1
出糧,1
出聲,2
出自,1
出色,2
出血,2
出街,2
出貓,1
出賣,1
出路,1
出身,1
出車,1
出醜,1
出錢,1
出錯,1
出鏡,1
出門,2
出院,2
出面,2
出頭,1
出風頭,1
出馬,1
刀,2
刀仔,1
刀片,1
刀鋒,1
分,2
分享,2
分佈,1
分分鐘,1
分別,2
分化,1
分叉,1
分子,1
分店,1
分心,1
分成,1
分手,2
分擔,1
分支,2
分散,1
分數,1
分明,1
分期,1
分析,1
分歧,1
分流,1
分發,1
分裂,1
分辨,1
分配,1
分鐘,2
分開,2
分隔,1
分類,2
切,1
切勿,1
切合,1
切柒,1
切片,1
切磋,1
切除,1
切雞,1
刊物,1
刑,1
刑罰,1
列,1
列為,1
列舉,1
初,2
初初,1
初哥,1
初時,1
初期,1
初步,1
初衷,1
初頭,2
判,1
判斷,1
判決,1
判處,1
別,2
別人,1
刨,1
利,1
利器,1
利是,2
利潤,1
利物浦,1
利用,1
利申,1
利益,1
刪,1
到,2
到一個點,1
到任,1
到來,1
到嘔,1
到埗,1
到家,1
到底,2
到手,1
到時,2
到會,1
到處,1
到達,1
到頂,1
到頭嚟,1
制,1
制度,1
制止,1
制裁,1
制訂,1
刷,1
刺,1
刺激,1
刺眼,1
刺耳,1
刻,2
刻意,1
刻板,1
則,1
削減,1
前,2
前世,2
前前後後,1
前夫,1
前妻,1
前年,2
前度,1
前往,1
前後,1
前所未有,1
前排,1
前提,1
前日,1
前晚,1
前景,1
前線,1
前者,1
前路,1
前輩,1
前途,1
前進,1
前面,2
剎,1
剎那,1
剔,1
剖析,1
剖白,1
剛剛,2
剛好,1
剛才,1
剝削,1
剩,1
剩返,1
剪,1
剪接,1
剪片,1
副,1
割,1
割讓,1
創,1
創作,1
創傷,1
創意,1
創新,1
創業,1
創立,1
創辦,1
創造,1
劃分,1
劇,1
劇場,1
劇情,1
劇本,1
劇烈,1
劇痛,1
劇集,1
劈,1
劈酒,1
劈頭,1
劉,1
劉備,1
劍,1
劏,1
劏開,1
力,2
力氣,1
力量,1
功,1
功利,1
功夫,1
功效,1
功能,1
加,2
加一,1
加上,2
加侖,1
加入,1
加強,1
加拿大,1
加油,2
加班,1
加薪,1
加速,1
劣勢,1
劣根性,1
劣質,1
助手,1
助教,1
助理,1
助聽器,1
助詞,1
努力,1
劫,1
劲,1
勁,2
勁過,1
勇,2
勇往直前,1
勇敢,1
勇於,1
勇武,1
勇氣,2
勉強,1
勒,1
勒索,1
動,2
動作,2
動作片,1
動力,1
動向,1
動員,1
動容,1
動搖,1
動機,1
動漫,1
動物,2
動詞,2
動靜,1
務,1
務求,1
勝,1
勝利,1
勝算,1
勝負,1
勞,1
勞力,1
勞力士,1
勞動,1
勞工,1
勞工處,1
勞氣,1
勢,1
勢不兩立,1
勢估唔到,1
勢利,1
勢力,1
勢如破竹,1
勤力,1
勳章,1
勸,1
勸交,1
勸告,1
勸導,1
勸服,1
勸解,1
勾,1
勾佬,1
勾畫,1
勾當,1
勾結,1
勾起,1
包,2
包容,1
包尾,1
包拗頸,1
包括,2
包皮,1
包袱,1
包裝,1
匆匆,1
匆忙,1
化,2
化名,1
化妝,1
化妝品,1
化為,1
化療,1
化腐朽為神奇,1
化解,1
化身,1
北,1
北方,2
北歐,1
北韓,1
匙,1
匙羹,1
匠,1
匯,1
匯報,1
匯率,1
匯聚,1
匯錢,1
匹配,1
匿,1
匿埋,1
區,2
十,2
十一月,2
十三張,1
十二月,2
十五十六,1
十几,2
十分,2
十分之,2
十問九唔應,1
十月,2
十萬八千里,1
十足,1
十足十,1
千,2
千祈,1
千篇一律,1
千萬,1
千辛萬苦,1
千金小姐,1
升,1
升旗,1
升職,1
午,1
午飯,1
半,2
半信半疑,1
半唐番,1
半場,1
半夜,2
半山,1
半日,2
半空,1
半身,2
半透明,1
卑,1
卑鄙,1
卒,1
卒之,1
卓,1
協助,1
協會,1
協調,1
单,1
南,2
南寧,1
南斯拉夫,1
南極,1
南瓜,1
博,1
博士,1
博客,1
博彩,1
博愛,1
博物館,1
卜,1
卡,2
卡位,1
卡住,1
卡啦,1
卡士,1
卡通,1
印,1
印刷,1
印尼,1
印記,1
印象,1
危急,1
危機,1
危言聳聽,1
危險,2
即,2
即使,1
即係,2
即係咁,1
即係話,2
即刻,2
即場,1
即將,1
即日,1
即时,1
即時,2
即管,1
即興,1
卷,1
卻,1
厘,1
厚,1
厚禮,1
厚面皮,1
原,2
原來,2
原先,1
原則,1
原因,2
原始,1
原定,1
原文,1
原本,2
原理,1
原著,1
原諒,2
厭,1
厭惡,1
厲害,1
去,2
去片,1
去留,1
去蒲,1
去街,1
去路,1
去飲,2
去馬,1
參,1
參加,1
參差,1
參考,1
參與,1
參觀,1
參賽,1
又,2
又話,2
叉,1
叉電,1
及,1
友,2
友善,1
友好,1
友情,2
友愛,1
友誼,1
反,1
反之,1
反例,1
反光,1
反叛,1
反對,2
反思,1
反應,2
反手,1
反抗,1
反擊,1
反方向,1
反映,1
反正,2
反目,1
反省,1
反而,2
反覆,1
反話,1
反轉,1
反駁,1
发现,2
叔,2
叔叔,2
取,1
取景,1
取暖,1
取決,1
取消,1
取笑,1
受,2
受不了,1
受傷,1
受到,1
受困,1
受害人,2
受害者,2
受惠,1
受教,1
受氣,1
受溝,1
受苦,1
受訪,1
受難,1
受騙,1
叛亂,1
叛軍,1
口,2
口供,1
口吻,1
口味,1
口唇,1
口噏噏,1
口感,1
口水,2
口渴,1
口罩,1
口腔,1
口臭,1
口號,1
口衰,1
口試,1
口語,2
口音,2
口齒,1
古,1
古代,1
古往今來,1
古怪,1
古惑仔,1
古旧,1
古籍,1
古老,1
古裝,1
古雅,1
句,2
句子,2
句法,1
另,2
另一半,1
另一方面,2
另外,2
叩,1
只,2
只不過,2
只係,2
只好,1
只怕,1
只會,2
只有,2
只能,1
只要,2
只需,1
叫,2
叫做,2
叫停,1
叫法,1
叫醒,1
叫雞,1
召開,1
召集,1
召集人,1
叮,1
叮噹,1
叮囑,1
可,2
可以,2
可以話,2
可信,1
可喜可賀,1
可怕,1
可惜,2
可愛,2
可憐,1
可敬,1
可是,1
可有可無,1
可樂,1
可笑,1
可能,2
可能性,1
可行,1
可見,2
可觀,1
可靠,1
台,2
台型,1
台幣,1
台灣,2
史,2
史上,1
右,2
右手邊,1
右邊,2
叶,1
司,1
司儀,1
司機,2
叻,2
叻仔,1
叻女,1
吃,1
吃力,1
吃喝玩樂,1
各,2
各位,1
各地,1
各就各位,1
各懷鬼胎,1
各有各,1
各樣,1
各種,1
各自,2
合,1
合乎,1
合作,1
合十,1
合同,1
合唱,1
合埋,1
合法,1
合照,1
合理,1
合約,1
合辦,1
合適,1
吉,1
吉利,1
吊,1
吊靴鬼,1
吊頸,1
吊鹽水,1
吋,1
同,2
同一,2
同上,1
同事,2
同人,2
同伴,1
同埋,2
同好,2
同學,2
同屋,2
同志,2
同性,1
同情,1
同情心,1
同意,2
同房,1
同时,2
同時,2
同期,2
同業,1
同樣,2
同歸於盡,1
同班,2
同理,1
同理心,1
同種,1
同行,1
同路人,2
同類,1
同齡,1
名,2
名人,1
名叫,1
名單,2
名字,1
名將,1
名為,2
名牌,1
名稱,1
名著,1
名詞,1
后,2
吐,1
吐出,1
向,2
向右走,1
向左走,1
吓,2
吖,2
吖嘛,2
吖笨,1
君,1
君子,1
吞,1
吞噬,1
吞泡,1
吠,1
否則,1
否定,1
否認,1
吧,1
吧枱,1
吩咐,1
含有,1
含糊,1
听朝,1
吱,1
吱喳,1
吳,1
吵,1
吶喊,1
吸,2
吸塵機,1
吸引,1
吸收,1
吸煙,1
吹,2
吹佢唔脹,1
吹口哨,1
吹奏,1
吹氣,1
吹水,2
吹雞,1
吹風,2
吻合,1
吼,1
吾,1
呀,2
呀嘛,1
呂,1
呃,1
呃人,1
呃錢,1
呆,2
呈交,1
呈現,1
告,1
告一段落,1
告急,1
告狀,1
告發,1
告訴,1
告辭,1
呎,1
呢,2
呢個,2
呢啲,2
呢度,2
呢度講呢度散,1
呢排,2
呢樣嗰樣,1
呢次,2
呢邊,2
周,2
周圍,2
周身,1
周轉,1
周邊,1
呯,1
呱呱叫,1
味,2
味精,1
味道,2
呻,1
呻吟,1
呼,1
呼叫,1
呼吸,1
呼天搶地,1
呼應,1
呼救,1
呼籲,1
呼聲,1
命,2
命仔,1
命令,2
命名,1
命運,1
命題,1
咀,1
咀嚼,1
咁,2
咁上下,1
咁啱,2
咁大把,1
咁滯,1
咁耐以嚟,1
咁鬼,1
咆哮,1
咇,1
咋,2
咋嘛,1
和,2
和好,2
和好如初,1
和平,1
和理非,1
和諧,1
咒,1
咒語,1
咕,1
咖啡,2
咗,2
咦,1
咩,2
咩呀,2
咩嘢,2
咩環境,1
咩話,1
咪,2
咪住,1
咪架,1
咬,1
咭,1
咭片,1
咯,1
咯咯,1
咳,1
咳嗽,1
咸,1
咸水角,1
咸豐年,1
咽,1
咽喉,1
哀,1
哀傷,1
哀求,1
品,1
品嚐,1
品德,1
品牌,1
品種,1
品質,1
哄,1
哄動,1
哇,1
哈,2
哈哈,2
哈爾濱,1
哈薩克,1
哈薩克斯坦,1
哋,2
响,1
哎呀,2
員,1
員工,1
哥,2
哥哥,2
哥哥仔,1
哦,2
哩,1
哪,2
哭,1
哮喘,1
哲,1
哲學家,1
哼,1
哽,1
哽咽,1
唇,1
唇槍舌劍,1
唉,2
唐,1
唐人街,1
唐樓,1
唐詩,1
唓,1
唔,2
唔三唔四,1
唔似,1
唔使,2
唔使講,2
唔係,2
唔係呀嘛,1
唔切,1
唔到,2
唔制,1
唔化,1
唔叫,2
唔同,2
唔喺度,2
唔多,2
唔多唔少,1
唔好,2
唔好受,1
唔好意思,2
唔好話,2
唔妥,1
唔定,2
唔對路,1
唔少,2
唔得,2
唔得掂,1
唔怪之,1
唔怪得,2
唔怪得之,1
唔慌,1
唔捨得,1
唔掂,1
唔爭在,1
唔理,2
唔瞅唔睬,1
唔知,2
唔知幾,2
唔系,2
唔經唔覺,1
唔緊要,2
唔耐煩,1
唔自然,1
唔舒服,2
唔要,1
唔見,2
唔見得,1
唔見得光,1
唔覺意,1
唔記得,2
唔話得,1
唔該,2
唔通,2
唔過,1
唔錯,2
唔順,1
唔順眼,1
售,1
售賣,1
唯,1
唯一,2
唯有,1
唯独,1
唯獨,1
唯獨是,1
唱,2
唱歌,1
唸,1
唾罵,1
啃,1
啄,1
商,1
商人,1
商務,1
商品,1
商場,2
商家,1
商業,1
商量,2
啋,1
問,2
問候,1
問好,1
問號,1
問路,1
問題,2
啖,1
啜核,1
啞,1
啞人,1
啡,1
啡色,1
啤住,1
啤牌,1
啤酒,2
啤酒肚,1
啥,1
啦,2
啩,1
啪,1
啫,2
啫係,1
啰,1
啱,2
啱傾,1
啱先,1
啱啱,2
啱啱先,2
啱啱好,1
啱用,1
啱聽,1
啱身,1
啲friend,2
啲,2
啲人,2
啲咁多,1
啷啷,1
喂,2
喃喃自語,1
善,1
善心,1
善用,1
善良,1
善解人意,1
喇,2
喇叭,1
喇嘛,1
喉,2
喉嚨,2
喊,2
喊苦喊忽,1
喎,2
喎可,1
喘,1
喘氣,1
喜,2
喜事,1
喜好,1
喜訊,1
喝,1
喪,1
喪盡天良,1
喪禮,1
單,2
單一,1
單位,1
單係,1
單刀直入,1
單單,1
單張,1
單打,1
單獨,1
單眼,1
單純,1
單親,1
單詞,1
單身,1
單邊,1
單靠,1
喺,2
喺度,2
喺度食,2
嗅覺,1
嗌,2
嗌交,1
嗍,1
嗎,2
嗒,1
嗚,1
嗡,1
嗯,2
嗰,2
嗰個,2
嗰啲,2
嗰啲嘢,2
嗰度,2
嗰排,1
嗰時,2
嗰陣,2
嗰陣時,2
嗱,2
嗱嗱聲,1
嗲,1
嘅,2
嘅啫,1
嘅嘢,2
嘅話,2
嘆,1
嘆氣,1
嘈,1
嘈交,1
嘈醒,1
嘉年華,1
嘉許,1
嘉賓,1
嘔,1
嘔吐,1
嘔心瀝血,1
嘖嘖稱奇,1
嘗試,1
嘛,2
嘞,2
嘟,2
嘢,2
嘢食,2
嘩,2
嘩然,1
嘭,1
嘲笑,1
嘴,1
嘴唇,1
嘴臉,1
嘿,1
噉,2
噉樣,2
噏,1
噚日,1
噚晚,1
噢,1
器,1
器具,1
器官,1
器材,1
噴,1
噴射機,1
噴霧,1
噸,1
嚇,1
嚇鬼,1
嚟,2
嚟經,1
嚟緊,1
嚟自,2
嚴厲,1
嚴密,1
嚴格,1
嚴禁,1
嚴肅,1
嚴謹,1
嚴重,1
嚿,1
囂張,1
囉,2
囚,1
四,2
四周,1
四周圍,2
四季,1
四川,1
四方八面,1
四月,2
四條,1
四眼仔,1
四聲,2
四肢,1
四隻腳,2
四面八方,1
回,2
回來,1
回味,1
回報,1
回復,1
回心轉意,1
回憶,2
回憶錄,1
回應,1
回收,2
回歸,1
回程,1
回答,2
回落,1
回覆,1
回鄉卡,1
回頭,2
回顧,1
回饋,1
因,2
因人而異,1
因住,1
因應,1
因果,1
因此,1
因為,2
因而,1
囡,1
困,1
困境,1
困擾,1
困難,1
固,1
固執,1
固定,1
固然之,1
图表,1
圈,1
圈子,1
國,2
國人,2
國內,1
國外,2
國家,2
國文,1
國語,2
國際,1
圍,1
圍圈,1
圍繞,1
圍裙,1
圍觀,1
圍頭佬,1
園,2
圓,1
圖,1
圖則,1
圖書館,1
圖片,1
圖表,1
團,1
團結,1
團隊,1
土,1
土包子,1
土地,1
土壤,1
土生土長,1
在,2
在內,1
在場,1
在意,1
在於,1
在線,1
在職貧窮,1
圪,1
地,2
地上,1
地下,2
地主,1
地位,1
地區,2
地址,1
地基,1
地契,1
地形,1
地方,2
地板,1
地步,1
地氈,1
地水,1
地波,1
地獄,1
地球,2
地理,1
地產,1
地盤,1
地通拿,1
地道,1
地鐵,2
地鐵站,2
地震,1
地面,2
地點,2
坊,1
坊間,1
坐,2
坐低,2
坐埋同一條船,1
坐大,1
坐定粒六,1
坐底,1
坐監,1
坐立不安,1
坐車,1
坐飛機,1
坡,1
坦白,1
垃圾,1
垃圾房,1
型,1
埃及,1
埋,2
埋一份,1
埋位,1
埋單,2
埋嚟,1
埋手,1
埋枱,1
埋沒,1
埋牙,1
埋葬,1
埋頭,1
埋頭苦幹,1
埋首,1
城,2
城市,2
域,1
埠,1
埲,1
執,1
執到,1
執手尾,1
執拾,1
執法,1
執生,1
執著,1
執行,1
培訓,1
基,1
基因,1
基於,1
基本,1
基本上,2
基本功,1
基督徒,1
基金,1
堂,1
堂堂正正,1
堅,1
堅固,1
堅守,1
堅定,1
堅強,1
堅拒,1
堅持,1
堅決,1
堅稱,1
堆,2
堆積,1
堡,1
報,1
報仇,1
報價,1
報告,1
報復,1
報恩,1
報應,1
報答,1
報紙,2
報警,2
報酬,1
場,2
場合,1
場所,1
場景,1
場面,1
堵,1
塊,1
塌,1
塔,1
塗,1
塘,1
塞,1
塞車,1
填,1
填數,1
填海,1
填補,1
填飽,1
塵,1
境,1
境外,1
境界,1
墊,1
墜,1
增,1
增值,1
增加,1
增強,1
增添,1
增進,1
墨,1
墮,1
墳,1
墳墓,1
壁,1
壅,1
壇,1
壓,1
壓力,2
壓抑,1
壞,1
壞事,1
士多,1
士多啤梨,1
士氣,1
壯觀,1
壺,1
壽,1
壽司,1
夏,1
夏天,2
夏日,1
夕,1
夕陽,1
外,2
外交,1
外人,2
外來,1
外側,1
外出,1
外匯,1
外國,2
外國人,2
外圍,1
外在,1
外地,1
外套,1
外婆,1
外家,1
外形,1
外星人,2
外母,1
外牆,1
外界,1
外省,1
外表,1
外語,2
外賣,1
外面,2
多,2
多事,1
多元,1
多利亞,1
多半,1
多口,1
多啲,2
多士爐,1
多多,2
多多聲,1
多媒體,1
多少,2
多得,1
多心,1
多情,1
多手,1
多數,2
多時,2
多樣,1
多謝,2
多餘,1
夜,2
夜以繼日,1
夜場,1
夜宵,1
夜店,1
夜晚,2
夜機,1
夜總會,1
夜間,1
够,2
夠,2
夠膽,1
夠薑,1
夠運,1
夠鐘,1
夢,1
夢境,1
夢想,1
夢見,1
夥,1
大,2
大不了,1
大事,2
大人,2
大仔,1
大件,1
大件事,2
大伯,1
大佬,2
大個,2
大個仔,1
大假,2
大力,2
大半,1
大叔,2
大叫,2
大可以,1
大同小異,1
大單,1
大嚿,1
大圈仔,2
大地,1
大型,1
大埔,1
大堂,1
大場面,1
大多數,2
大大,2
大大話話,1
大姐,1
大姑,1
大嫂,1
大字,1
大字報,1
大學,2
大學生,2
大安旨意,1
大家,2
大家姐,2
大家樂,1
大小,2
大小姐,1
大局,1
大師,1
大幅,1
大廈,1
大廳,2
大意,1
大懵,1
大懶蛇,1
大戰,1
大戲,1
大打出手,1
大批,1
大把,1
大把錢,1
大排檔,1
大方,1
大早,1
大會,1
大概,1
大汗,1
大波,1
大波妹,2
大海,2
大清早,1
大漢,1
大牌,1
大牛,1
大班,1
大球場,1
大男人,2
大眾,1
大窩口,1
大約,2
大細,1
大細路,1
大結局,1
大耳窿,1
大聲,2
大自然,1
大致,1
大致上,1
大行,1
大街,2
大西北,1
大規模,1
大計,1
大話,1
大路,1
大軍,1
大道,1
大部分,1
大都,2
大酒店,1
大量,1
大鑊,1
大門,2
大門口,1
大阪,1
大陸,2
大階,1
大隻,1
大隻佬,1
大雨,2
大頭,1
大食會,1
大髀,1
大體,1
大麥,1
大麻,1
大龍鳳,1
天,2
天上,1
天下,1
天井,1
天人永隔,1
天份,1
天佑,2
天使,1
天光,1
天公地道,1
天台,1
天地,1
天堂,2
天性,2
天意,1
天成,1
天才,2
天拿水,1
天桥,1
天橋,1
天氣,2
天涯,1
天災人禍,1
天生,1
天真,1
天空,2
天花,1
天花龍鳳,1
天邊,1
天门,1
天際,1
天馬行空,1
天黑,2
太,2
太太,2
太子,1
太平,1
太監,1
太空,1
太空船,1
太過,1
太陽,2
太陽系,1
夫,1
夫人,1
夫妻,1
夫婦,1
失,2
失修,1
失傳,1
失去,2
失意,1
失戀,1
失控,1
失敗,1
失望,2
失業,2
失神,1
失禮,1
失約,1
失職,1
失落,1
失足,1
失蹤,1
失驚無神,1
失魂,1
头先,1
夾,1
夾份,1
夾埋,1
夾硬,1
夾雜,1
奄奄一息,1
奇,2
奇怪,2
奇趣,1
奇蹟,1
奈何,1
奉,1
奉承,1
奉陪,1
契,1
契哥,1
契家佬,1
契家婆,1
契弟,1
契機,1
契爺,1
奔,1
奖金,1
套,1
套裝,1
奚落,1
奢侈品,1
奢華,1
奧地利,1
奧斯卡,1
奪,1
奪去,1
奮不顧身,1
奮鬥,1
女,2
女人,2
女仔,2
女僕,1
女婿,1
女性,1
女朋友,2
女王,1
女生,2
女皇,1
女神,1
女裝,1
奴,1
奴隸,1
奶,2
奶奶,2
奶樽,1
奶粉,1
奶茶,1
奸,1
她,2
好,2
好人,2
好似,2
好似係,2
好冇,2
好勝,1
好友,2
好啦,2
好嘢,2
好在,1
好地地,1
好多,2
好多時,2
好天,1
好奇,1
好奇心,1
好好,2
好好地,2
好好睇睇,1
好客,1
好少,2
好彩,2
好心,2
好意,1
好意思,1
好感,2
好手,1
好日,1
好景,1
好朋友,2
好样,1
好極,1
好死,1
好比,1
好氣,1
好玩,2
好眼,1
好睇,2
好笑,2
好聲,1
好聲好氣,1
好聽,2
好處,1
好轉,1
好过,1
好返,1
好運,1
好過,2
好食,2
好飲,2
好鬼,1
如,2
如何,1
如同,1
如常,1
如意,1
如是者,1
如果,2
如此,1
如此類推,1
如火如荼,1
妒忌,1
妓,1
妖,1
妙,1
妝,1
妥協,1
妥當,1
妳,2
妹,1
妹仔,1
妹妹,1
妻,1
妻兒,1
妾,1
姊,1
姊妹,1
始,1
始於,1
始末,1
始終,2
姐,2
姐係,1
姐姐,1
姐弟,1
姑姐,2
姑娘,2
姑婆,1
姓,2
姓氏,1
委員會,1
委屈,1
姚,1
姣屍燉篤,1
姨,1
姨丈,1
姨姨,1
姨媽,1
姨媽姑姐,1
姿勢,1
姿態,1
威,1
威力,1
威水史,1
威脅,1
娘家,1
娛樂,1
娜,2
娶,1
娶老婆,1
娼妓,1
婆,1
婆仔,1
婆娘,1
婆婆,2
婚,2
婚姻,1
婚禮,1
婦,1
婦人,1
媒體,1
媲美,1
媳婦,1
媽,2
媽咪,2
媽媽,2
媽媽生,1
嫁,2
嫁人,1
嫂,1
嫌,1
嫌疑,1
嫖,1
嫖客,1
嫩,1
嫲嫲,1
嬌嗲,1
嬲,2
子,2
子女,1
子彈,1
子音,1
孔子,1
孖展,1
孖指,1
孖葉,1
字,2
字幕,1
字條,1
字母,2
字眼,1
字頭,1
字體,1
存,1
存亡,1
存入,1
存在,2
存摺,1
存有,1
存款,1
孝,2
孟子,1
季,1
季刊,1
季節,1
孤,1
孤僻,1
孤單,1
孤寒,1
学人,2
孩,1
孫,1
孫仔,1
孭,1
孭起,1
孱弱,1
孵,1
學,2
學位,1
學問,1
學壞,1
學家,1
學會,1
學期,1
學校,2
學歷,1
學生,2
學科,1
學習,1
學者,2
學術,1
學識,2
學費,2
學長,1
學院,2
宇,1
宇宙,1
守,1
守夜,1
守護,1
安,2
安全,2
安全感,2
安定,2
安心,2
安息,1
安慰,2
安排,2
安撫,1
安放,1
安樂,1
安檢,1
安然,1
安眠,1
安眠藥,1
安穩,1
安置,1
安詳,1
安逸,1
安靜,2
安頓,1
宋,1
完sem,1
完,2
完事,1
完人,1
完全,2
完場,1
完工,1
完成,2
完整,1
完畢,1
完結,2
完美,1
宏,1
宏觀,1
宗,1
宗旨,1
官,1
官司,1
官員,1
官方,1
定,2
定係,2
定係點,1
定價,1
定律,1
定時,1
定期,1
定義,1
定點,1
宜,1
宜人,1
客,2
客人,2
客廳,1
客氣,1
客觀,1
客運,1
宣傳,1
宣揚,1
宣言,1
宮,1
害,2
宵,1
宵夜,1
家,2
家人,2
家園,1
家姐,2
家屬,1
家庭,2
家族,1
家用,1
家禽,1
家長,1
容,1
容忍,1
容易,2
容納,1
容許,1
宿,1
宿舍,1
寂,1
寂寞,1
寄,1
寄生蟲,1
密,1
密密麻麻,1
密封,1
密碼,1
富,1
富饒,1
寒,2
寒意,1
寒背,1
寒酸,1
察覺,1
寡佬,1
寡言,1
實,1
實係,1
實力,1
實在,2
實屬,1
實心,1
實戰,1
實施,1
實木,1
實業,1
實現,1
實用,1
實習,1
實質,1
實際,1
實際上,1
實驗,1
寧靜,1
寧願,1
審,1
審判,1
審批,1
審查,1
寫,2
寫低,1
寫作,1
寫字樓,2
寫照,1
寫真,1
寬,1
寬頻,1
寮國,1
寵物,1
寶,1
寶貴,1
寶馬,1
寸,1
对,2
封,1
封城,1
封殺,1
封鎖,1
封閉,1
封面,1
射,1
射出,1
將,2
將來,2
將會,1
將要,1
將軍澳,1
將近,1
專,1
專上教育,1
專人,1
專家,2
專心,1
專才,1
專案,1
專業,1
專注,1
專用,1
專登,1
專科,1
專程,1
專訪,1
專輯,1
專門,1
專頁,1
專題,1
尊卑,1
尊嚴,1
尊敬,1
尊稱,1
尊重,1
尋,1
尋仇,1
尋找,1
對,2
對上,1
對不起,2
對付,1
對唔住,2
對外,1
對峙,1
對待,1
對應,1
對手,2
對抗,1
對方,2
對於,2
對望,2
對比,1
對準,1
對症下藥,1
對白,1
對立,1
對話,2
對象,1
對面,2
對面海,1
導,1
導演,1
導致,1
導航,1
小,2
小人,1
小動作,1
小動物,2
小型,1
小妹,1
小姐,2
小子,1
小學,2
小學生,2
小家,1
小小,2
小巴,2
小弟,2
小心,2
小心翼翼,1
小心駛得萬年船,1
小意思,1
小手,1
小數,1
小時,2
小朋友,2
小本,1
小生,1
小眾,1
小童,1
小組,1
小結,1
小腿,1
小花,1
小量,1
小雪,1
小食,2
少,2
少女,1
少少,2
少數,2
少林,1
少許,1
尖,1
尖叫,2
尖東,1
尖沙咀,2
尚,1
尚未,1
尤其,1
尤其係,1
尤其是,2
就,2
就住,1
就係,2
就係噉,1
就嚟,1
就地,1
就奇,1
就快,2
就手,1
就是,1
就業,1
就算,2
就讀,1
尷尬,2
尺,1
尺寸,1
尼加拉瓜,1
尾,2
尾燈,1
尾聲,1
尾隨,1
尿,1
局,1
局勢,1
局外人,1
局限,1
局面,1
屁,1
屁股,1
居,1
居住,1
居民,1
居然,1
居酒屋,1
屆,1
屈,1
屈服,1
屈辱,1
屋,2
屋企,2
屋企人,2
屋邨,1
屋頂,1
屌,1
屌你老母,1
屍,1
屍體,1
屎,1
屏息靜氣,1
展望,1
展現,1
展示,1
展開,1
展露,1
屙,1
屙屎,1
屠,1
屠場,1
屠夫,1
屠宰,1
層,1
層次,2
層面,1
履歷,1
屬,1
屬於,1
屯門,2
山,2
山丘,1
山崖,1
山東,1
山林,2
山楂,1
山水,1
山洞,1
山竹,1
山羊,2
山長水遠,1
山頂,1
岌頭,1
岩,1
岸,1
島,1
峽,1
崖,1
崗,1
崗位,1
崛起,1
崩,1
崩潰,1
川流不息,1
州,1
巡,1
巡視,1
巡迴,1
工,2
工人,2
工作,2
工作坊,1
工作天,2
工作室,1
工傷,1
工具,1
工夫,1
工廠,1
工會,1
工業,1
工程,1
工種,1
工藝,1
工頭,1
左,2
左右,2
左右手,1
左耳入右耳出,1
左邊,2
巧合,1
巧妙,1
巨,1
巨響,1
差,2
差不多,2
差人,1
差佬,2
差價,1
差別,1
差唔多,2
差啲,1
差天共地,1
差異,1
差錯腳,1
差館,1
己,1
已,2
已成定局,1
已經,2
已经,2
巴,2
巴士,2
巴士站,1
巴打,1
巴西,1
巴閉,1
巾,1
市,2
市中心,1
市值,1
市價,1
市場,2
市民,1
市鎮,1
市集,1
布,1
布魯塞爾,1
帆布,1
希,1
希望,2
希臘,1
帖,1
帝,1
帝國,1
師,2
師傅,1
師奶,1
師父,2
席,1
席捲,1
帳,1
帳戶,1
帳目,1
帶,2
帶眼,1
帶路,1
帶領,1
常,2
常常,2
帽,1
幅,1
幕,1
幕後,1
幢,1
幣,1
幫,2
幫助,2
幫忙,1
幫手,2
幫拖,1
幫補,1
幫襯,1
幫輕,1
干戈,1
干預,1
平,2
平倉,1
平凡,1
平分,1
平台,2
平均,1
平安,1
平安夜,1
平常,2
平平,1
平平無奇,1
平復,1
平息,1
平手,1
平方米,1
平易近人,1
平時,2
平淡,1
平穩,1
平等,1
平衡,1
平起平坐,1
平靚正,1
平靜,2
平面,1
年,2
年三十晚,1
年中,1
年代,2
年假,1
年初,1
年少,1
年尾,1
年底,1
年期,1
年紀,2
年紀輕輕,1
年資,1
年輕,1
年金,1
年青,2
年頭,1
年齡,1
幸,1
幸福,1
幸運,1
幹,1
幻,1
幻想,1
幻覺,1
幼,1
幼稚,1
幼稚園,1
幾,2
幾乎,1
幾咁,1
幾多,2
幾多人,2
幾多歲,1
幾多號,1
幾多錢,2
幾多點,1
幾好,2
幾度,1
幾廿,2
幾時,2
幾條街,1
幾步,1
幾經,1
幾耐,2
幾點,1
序,1
序幕,1
底,1
底下,1
底子,1
底底,1
底線,1
底褲,1
店,2
度,2
度住,1
座,1
座位,1
座右銘,1
庭院,1
康,1
康復,1
庸,1
庸俗,1
廁所,2
廁紙,1
廚房,2
廟,1
廢,1
廢柴,1
廢老,1
廢話,1
廣,1
廣告,2
廣場,1
廣州,1
廣播,1
廣東,2
廣東人,2
廣東話,2
廣西,1
廣闊,1
廳,2
延續,1
建,2
建材,1
建構,1
建立,1
建設,1
建議,1
廿,2
开下,1
开市,1
弊,1
弔唁,1
引,1
引以為榮,1
引導,1
引擎,1
引爆,1
引用,1
引起,1
引領,1
弟,1
弟兄,2
弟兄姊妹,1
弟子,1
弟弟,2
张,1
弦,1
弱,1
弱勢,1
弱智,1
張,2
張揚,1
張牙舞爪,1
張羅,1
強,1
強制,1
強化,1
強壯,1
強大,1
強姦,1
強度,1
強求,1
強烈,2
強硬,1
強積金,1
強行,1
強調,1
強逼,1
強項,1
彈,1
彈弓,1
彈藥,1
彌留,1
彌補,1
彎,1
形,1
形勢,1
形容,1
形容詞,1
形式,1
形態,1
形成,1
形狀,1
形象,1
彩,1
彩蛋,1
彬彬有禮,1
彰顯,1
影,2
影像,1
影印,1
影子,1
影射,1
影片,2
影相,1
影衰,1
影響,2
彷彿,1
役,1
彼,1
彼此,1
往,2
往事,1
往來,1
往往,2
往後,1
往日,1
往返,1
征服,1
待,1
待遇,1
很,1
律師,1
律師樓,1
後,2
後代,1
後來,2
後嚟,1
後天,1
後尾,1
後巷,1
後悔,1
後患,1
後方,1
後日,1
後果,2
後樓梯,1
後母,1
後生,1
後生仔,1
後真相,1
後繼,1
後續,1
後者,1
後腦,1
後裔,1
後話,1
後路,1
後門,1
後面,2
徐,1
徒弟,1
得,2
得不償失,1
得人驚,1
得以,1
得個講字,1
得出,2
得切,1
得到,2
得勢不饒人,1
得唔得,2
得多,1
得失,1
得心應手,1
得意,1
得戚,1
得手,1
得把口,1
得掂,2
得獎,1
得知,1
得罪,1
得過,1
得過且過,1
得閒,2
徘徊,1
從,2
從中,1
從事,1
從來,2
從前,1
從屬,1
從未,1
從此,1
復,1
復工,1
復活,1
復發,1
循例,1
循環,1
徬徨,1
微,1
微弱,1
微笑,1
微言,1
德,2
德國,1
德文,2
德行,1
徹底,1
心,2
心中,2
心中有數,1
心事,1
心力交瘁,1
心口,2
心地,1
心多,1
心大心細,1
心底,1
心得,1
心思,1
心急,2
心情,2
心意,1
心態,1
心機,2
心滿意足,1
心照,1
心煩,1
心理,1
心理學,1
心理醫生,1
心痛,1
心知肚明,1
心算,1
心聲,1
心臟,1
心臟病,1
心虛,1
心血來潮,1
心裏,1
心諗,2
心跳,1
心酸,1
必,2
必修,1
必定,1
必然,1
必要,2
必需,1
必需品,1
必須,1
忌,1
忍,1
忍不住,1
忍受,1
忍唔住,2
忍手,1
忍無可忍,1
忍痛,1
忐忑不安,1
志,1
志同道合,1
忘,2
忘形,1
忘記,2
忙,2
忟憎,1
忠,1
忠實,1
忠誠,1
快,2
快事,1
快啲,2
快快手,1
快感,1
快手,2
快樂,2
快速,1
快門,1
快餐,1
念,1
念頭,1
忽,1
忽然,1
忽略,1
忽視,1
忿,1
忿忿不平,1
怎樣,1
怎麼,1
怒,1
怒氣,1
怒火,1
怕,2
思,1
思想,1
思維,1
思考,2
思鄉,1
怡,1
怡人,1
急,2
急不及待,1
急功近利,1
急急,1
急急腳,1
急救,1
急步,1
急症,1
急症室,1
急躁,1
急速,1
急進,1
性,2
性侵,1
性命,1
性情,1
性格,2
性質,1
怨,1
怨恨,1
怨憤,1
怨氣,1
怨言,1
怪,2
怪物,1
怪癖,1
恍如,1
恐嚇,1
恐怕,1
恐怖,2
恐怖襲擊,1
恐慌,1
恐懼,2
恕,1
恢復,1
恤衫,1
恥,1
恥笑,1
恨,1
恩,1
恩人,1
恩惠,1
恩愛,1
恭喜,1
恭喜發財,1
息,1
息口,1
恰,1
悔,1
悠,2
悠閒,1
患,1
患病,1
悲,1
悲傷,1
悲劇,1
悲哀,1
悲嘆,1
悲觀,1
悶,2
情,2
情人,1
情何以堪,1
情侶,1
情同手足,1
情境,1
情急之下,1
情感,2
情景,1
情況,2
情理,1
情節,1
情緒,1
情緒化,1
情緒病,1
情願,1
惡,1
惡劣,1
惡化,1
惡魔,1
想,2
想像,2
想像力,1
想法,2
想話,1
想頭,1
惶恐,1
惹,1
愁,1
愁眉苦臉,1
愈,2
愈來愈,2
愉快,1
意,2
意味,1
意圖,1
意外,1
意大利,1
意志,1
意志力,1
意思,2
意想不到,1
意料,1
意會,1
意欲,1
意氣風發,1
意猶未盡,1
意粉,1
意義,1
意見,1
意識,2
意識形態,1
愕然,1
愚蠢,1
愛,2
愛嚟,1
愛情,2
愛惜,1
愛戀,1
愛爾蘭,1
愛莫能助,1
愛護,1
感,2
感到,2
感動,2
感受,2
感同身受,1
感恩,1
感情,2
感情用事,1
感想,1
感慨,1
感應,1
感染,1
感激,1
感覺,2
感觸,1
感謝,1
慈祥,1
態,1
態度,1
慌,1
慎防,1
慘,1
慘不忍睹,1
慘叫,1
慚愧,1
慢,2
慢吞吞,1
慢慢,2
慢慢行,2
慢條斯理,1
慢活,1
慣,1
慣常,1
慣性,1
慰藉,1
慳,1
慳啲啦,1
慳水慳力,1
慳返,1
慶,1
慶幸,1
慶祝,2
慾望,1
慾火,1
憂,1
憂心,1
憂慮,1
憎,1
憎恨,1
憑,1
憑據,1
憔悴,1
憤,1
憤世嫉俗,1
憤怒,1
憫,1
憶,1
懂事,1
懂得,1
應,2
應付,1
應份,1
應對,1
應急,1
應承,2
應用,1
應聲,1
應該,2
應酬,1
懦弱,1
懲罰,1
懵,1
懶,1
懶人包,1
懶蟲,1
懶醒,1
懷,1
懷念,1
懷疑,1
懷舊,1
懸崖,1
懸浮,1
懼,1
戀,1
戀愛,1
戇,1
戇居居,1
成,2
成世,1
成事,1
成交,1
成人,2
成份,1
成功,2
成員,1
成因,1
成就,1
成年,1
成敗,1
成日,2
成本,1
成果,2
成為,2
成熟,1
成立,1
成績,1
成績表,1
成都,1
成長,1
我,2
我們,2
我哋,2
我行我素,1
戒,1
戒心,1
戒指,1
或,1
或者,2
戙,1
戚,1
戟,1
截,1
戰,1
戰事,1
戰勝,1
戰場,1
戰士,1
戰火,1
戰爭,1
戰略,1
戰線,1
戰績,1
戰術,1
戰鬥,1
戲,1
戲肉,1
戴,1
戴頭盔,1
户口,1
房屋,1
房間,1
所,2
所以,2
所作所為,1
所得,1
所有,2
所見,1
所謂,2
所需,1
扇葉,1
手,2
手上,2
手下,2
手信,1
手停口停,1
手勢,1
手多多,1
手套,1
手寫,2
手尾,1
手工,1
手工藝,1
手心,1
手忙腳亂,1
手扣,1
手指,2
手指公,1
手指尾,1
手指指,1
手掌,1
手提電話,2
手機,2
手段,1
手法,2
手筆,1
手緊,1
手續,1
手續費,1
手腳,1
手臂,2
手術,2
手袋,2
手語,2
手足,1
手足無措,1
手鏈,1
手頭,1
才,2
才子,1
才能,1
扎,1
扎醒,1
扑,1
扒,1
打j,1
打,2
打亂,1
打交,2
打仗,1
打俾,2
打倒,1
打出,1
打劫,1
打卡,1
打印機,1
打圈,1
打圓場,1
打埋,1
打女,1
打字,1
打官司,1
打定輸數,1
打工,2
打工仔,2
打得,1
打手,1
打扮,1
打招呼,1
打拳,1
打拼,1
打掃,1
打擊,1
打擾,1
打敗,1
打斜,1
打斷,1
打機,1
打橫,1
打橫嚟,1
打橫行,1
打死,1
打死不離親兄弟,1
打氣,1
打波,1
打消,1
打滾,1
打烊,1
打爆,1
打爛,1
打牌,1
打獵,1
打理,1
打电话,2
打發,1
打破,1
打算,2
打聽,1
打茄輪,1
打起,1
打躉,1
打通,1
打量,1
打鐵,1
打鑼,1
打開,2
打雷,1
打電話,2
打飛機,1
打鬥,1
打麻雀,1
托,1
扣,1
扣押,1
扭,1
扭曲,1
扭轉,1
扮,1
扮晒嘢,1
扯,1
扯蝦,1
扯風,1
扲,1
扶,1
扶持,1
扶搖直上,1
批,1
批判,1
批評,1
批鬥,1
扼殺,1
找,1
找數,1
承,1
承受,1
承擔,1
承認,1
承諾,1
承辦,1
技巧,1
技能,1
技藝,1
技術,1
抄,1
抉擇,1
把,2
把口唔收,1
把握,1
把柄,1
把炮,1
抌,1
抑,1
抑壓,1
抑或,1
抑揚頓挫,1
抑鬱症,1
抒發,1
投,1
投入,1
投其所好,1
投契,1
投懷送抱,1
投機,1
投產,1
投票,1
投胎,1
投訴,1
投資,1
投降,1
抖,1
抖氣,1
抗,1
抗拒,1
抗爭,1
抗議,1
折,1
折墮,1
折斷,1
折磨,1
折返,1
披上,1
抬,1
抬頭,1
抬高,1
抱,1
抱怨,1
抵,1
抵受,1
抵抗,1
抵死,1
抵食,1
抹,1
押,1
押解,1
押韻,1
抽,1
抽中,1
抽搐,1
抽空,1
抽血,1
抽象,1
拆,1
拆帳,1
拆掂,1
拆散,1
拉,1
拉丁文,2
拉人,1
拉人封艇,1
拉扯,1
拉線,1
拉開,1
拋,1
拋書包,1
拋棄,1
拋磚引玉,1
拍,2
拍住上,1
拍手掌,1
拍拖,2
拍攝,1
拍片,1
拎,2
拎走,1
拐,1
拐子佬,1
拐杖,1
拒絕,1
拔,1
拔尖,1
拖,2
拖架,1
拖車,1
拖鞋,1
拗,1
拗撬,1
拘捕,1
招,1
招呼,1
招待,1
招徠,1
招手,1
招搖,1
招攬,1
招數,1
招架,1
招聘,1
拜,1
拜年,2
拜拜,2
拜祭,1
拜託,1
拮,1
拯救,1
拳,1
拳腳,1
拳頭,1
拼,1
拼音,1
拾,1
拿,1
拿拿聲,1
拿破崙,2
持,1
持平,1
持有,1
指,2
指令,1
指出,1
指向,1
指指點點,1
指控,1
指揮,1
指摘,1
指教,1
指標,1
指涉,1
指甲,1
指甲油,1
指紋,1
指責,1
按,1
按摩,1
按照,1
挑,1
挑戰,1
挑釁,1
挖,1
挖掘,1
挖苦,1
挨,1
挫折,1
振作,1
挺,1
挽,1
挽救,1
挾,1
捉,1
捉實,1
捉弄,1
捉摸,1
捉鬼,1
捍,1
捐,1
捧,1
捧場,1
捨得,1
捩手,1
捱,1
捱苦,1
捲土重來,1
捷,1
捷徑,1
捽,1
掀起,1
掂,1
掃,1
掃描,1
掃興,1
授,1
授權,1
掉,1
掌,1
掌心,1
掌握,1
掌聲,1
排,2
排排坐,1
排斥,1
排期,1
排水,1
排泄,1
排版,1
排練,1
排隊,1
排骨,1
掘,1
掙扎,1
掛,1
掛住,1
掛帥,1
掛斷,1
掟,1
採用,1
採購,1
探,1
探病,1
探索,1
探親,1
探討,1
掣,1
接,2
接住,1
接受,2
接待,1
接收,1
接濟,1
接生,1
接聽,1
接觸,1
接近,1
接送,1
接通,1
接電話,2
控,1
控制,1
控方,1
控訴,1
推,2
推介,1
推出,1
推力,1
推動,1
推崇,1
推撞,1
推斷,1
推翻,1
推薦,1
推論,1
推辭,1
掩,1
掩飾,1
措施,1
掹,1
揀,1
揈,1
描述,1
提,2
提供,1
提出,2
提升,2
提及,1
提問,1
提早,1
提示,1
提神,1
提議,1
提貨,1
提醒,1
提高,1
提點,1
插,1
插圖,1
插手,1
插畫,1
揚,1
揚手,1
換,1
換衫,1
換言之,1
換轉,1
握,1
握手,1
揪,1
揭,1
揭發,1
揭開,1
揭露,1
揮,1
揮手,1
揮舞,1
援,1
揸,2
揸車,1
揹,1
揼,1
揾,2
揾位,1
揾嚟,1
揾食,1
損,1
損壞,1
損失,1
損害,1
搏,1
搏命,1
搏鬥,1
搖,1
搖搖,1
搖頭,1
搜索,1
搜集,1
搞,2
搞三搞四,1
搞亂,1
搞事,1
搞唔掂,1
搞手,1
搞掂,2
搞笑,1
搞錯,1
搬,2
搬屋,1
搬走,1
搬運,1
搭,2
搭枱,1
搭的士,1
搭訕,1
搭路,1
搲,1
搶,1
搽,1
搾,1
摔,1
摘,1
摘錄,1
摧毀,1
摩,1
摩洛哥,1
摷,1
摸不著頭腦,1
摸摸,1
摺,1
撈,1
撈亂,1
撈得掂,1
撐,1
撐起,1
撒嬌,1
撓,1
撕,1
撚,1
撞,1
撞啱,1
撞見,1
撞車,1
撞鬼,1
撤退,1
撥,1
撥開,1
撩,1
撫,1
撫心自問,1
撫養,1
撬,1
播,1
播出,1
撮,1
撰文,1
撲,1
撳,1
撻,1
撼,1
擁抱,1
擁有,1
擂台,1
擅,1
擅自,1
擅長,1
擇,1
擊,1
擊敗,1
擊退,1
擋,1
操,1
操作,1
操勞,1
操控,1
擒,1
擒擒青,1
擔,1
擔任,1
擔子,1
擔心,2
擔綱,1
擘,1
據,1
據理力爭,1
擠,1
擦,1
擬,1
擰,1
擰轉,1
擰頭,1
擲,1
擴展,1
擴散,1
擸,1
擺,1
擺位,1
擺平,1
擺明,1
擺檔,1
擺甫士,1
擺脱,1
擺設,1
攔,1
攝,1
攝影,1
攝影師,1
攞,1
攞嚟,1
攞彩,1
攞獎,1
攣,1
攤,1
攤唞,1
攤開,1
攪,1
攪拌機,1
攬,1
攬炒,1
支,2
支持,1
支持者,1
支援,1
支撐,1
支柱,1
支票,2
支行,1
攰,1
收,2
收入,2
收到,2
收到風,1
收割,1
收口,1
收啦,1
收埋,1
收場,1
收尾,1
收工,1
收市,1
收得,1
收復,1
收成,1
收手,1
收拾,1
收數,1
收數佬,1
收爛數,1
收皮,1
收睇,1
收穫,1
收線,2
收聲,1
收貨,1
收費,1
收集,1
收音,1
改,2
改口,1
改名,1
改善,1
改正,1
改用,1
改行,1
改裝,1
改變,2
改過,1
攻勢,1
攻擊,1
放,2
放任,1
放低,2
放假,2
放大,1
放學,1
放工,2
放心,2
放手,2
放棄,1
放火,1
放監,1
放走,1
放過,1
放長雙眼,1
放鬆,1
政,1
政局,1
政府,2
政權,1
政治,1
政治正確,1
政策,1
故,1
故事,2
故仔,1
故作,1
故意,2
故態復萌,1
效,1
效力,1
效果,1
效用,1
敏,1
敏感,1
敏捷,1
救,2
救世主,1
救出,1
救命,2
救援,1
救護員,1
救護車,1
教,2
教堂,1
教學,2
教導,1
教師,1
教授,1
教書,2
教材,1
教練,1
教育,1
教育局,1
教落,1
教訓,1
教誨,1
敢,2
敢作敢為,1
敢言,1
散,1
散亂,1
散播,1
散會,1
散渙,1
散發,1
散紙,1
散落,1
散貨,1
敦,1
敬,1
敬佩,1
敲,1
整,2
整個,2
整到,1
整合,1
整定,1
整整,2
整理,1
整蠱,1
整親,1
整體,1
整齊,1
敵,1
敵人,1
敵意,1
敵視,1
敷,1
敷衍,1
數,2
數一數二,1
數值,1
數字,1
數學,2
數據,1
數目,1
數量,1
文,2
文件,2
文具,1
文創,1
文化,2
文員,1
文字,2
文學,2
文宣,1
文明,1
文本,1
文法,2
文章,1
文筆,1
斑,1
斑馬線,1
斗,1
斗篷,1
斗零踭,1
料,1
斜,1
斜路,1
斟,1
斟酌,1
斤,2
斬,1
斬釘截鐵,1
斯,1
斯文,1
新,2
新世界,2
新人,2
新仔,1
新低,1
新加坡,1
新奇,1
新女,1
新娘,1
新年,2
新年流流,1
新意,1
新手,1
新抱,1
新月,1
新歡,1
新生,1
新穎,1
新聞,1
新鮮,1
斷,1
斷斷續續,1
斷氣,1
斷絕,1
斷線,1
斷言,1
方,2
方位,1
方便,2
方向,2
方式,2
方案,1
方法,2
方程式,1
方糖,1
方言,2
方針,1
方面,2
於,1
於是,1
於是乎,1
施,1
施捨,1
施放,1
施施然,1
施肥,1
旁人,1
旁白,1
旁聽,1
旁觀者,1
旁边,1
旁邊,2
旅,1
旅客,1
旅程,1
旅行,2
旅遊,1
旅遊巴,1
旋即,1
旋律,1
族,1
族裔,1
旗,1
旗桿,1
旗袍,1
既,2
既定,1
既然,1
日,2
日內,2
日出,2
日子,2
日常,2
日後,2
日文,2
日日,2
日本,2
日落,2
日記,1
日頭,1
旦,1
旨,1
旨在,1
早,2
早上,1
早已,1
早抖,1
早排,1
早放,1
早晨,2
早更,1
早會,2
早期,1
早知,1
早起,2
早退,1
早餐,2
早餐會,2
旺場,1
旺角,1
昇華,1
明,2
明天,2
明媚,1
明明,2
明星,1
明白,2
明知,2
明確,1
明顯,2
昏,1
昏迷,1
易,1
星,2
星期,2
星期一,2
星期二,2
星期五,2
星期六,2
星期四,2
星期日,2
星球,1
映照,1
春,2
昨天,1
是,2
是但,1
是否,1
是非,1
時,2
時下,1
時事,1
時代,2
時候,2
時光,1
時分,1
時刻,1
時區,2
時尚,1
時日無多,1
時時刻刻,1
時期,2
時節,1
時裝,1
時辰八字,1
時間,2
時間表,1
時髦,1
晉,1
晉升,1
晏,1
晏晝,1
晒,2
晚,2
晚上,1
晚飯,2
晚餐,2
晤,1
晨,1
晨光,1
晨運,1
普,2
普及,1
普洱,1
普通,2
普通話,2
普遍,1
景,1
景色,1
景象,1
景點,1
晴,1
晴朗,1
晶,1
智,1
智利,1
智商,1
智慧,1
智者,1
智能,1
智能手機,1
暈,1
暉,1
暑假,1
暑期工,1
暖,1
暖風機,1
暗,1
暗啞,1
暗暗,1
暗淡,1
暗示,1
暗自,1
暗處,1
暗號,1
暗角,1
暢快,1
暢所欲言,1
暫,1
暫時,1
暴,1
暴力,1
暴動,1
暴君,1
暴政,1
暴虐,1
暴躁,1
暴露,1
暴風,1
曉,1
曖昧,1
曬,1
曬冷,1
曬棚,1
曱甴,1
曲,1
曲線,1
更,2
更加,2
更年期,1
更衣室,1
書,2
書信,1
書局,1
書店,1
書房,1
書櫃,1
書籍,1
書面,1
書面語,1
曼聯,1
曼谷,1
曾,1
曾經,2
替,1
替死,1
替死鬼,1
最,2
最多,2
最好,2
最少,2
最後,2
最終,1
最近,2
會,2
會合,1
會員,1
會考,1
會見,2
會計,2
會計師,1
會話,2
會議,1
月,2
月亮,2
月份,1
月供,1
月光,2
月入,1
月尾,2
月薪,1
月頭,1
有,2
有之,1
有事,2
有些,1
有交帶,1
有份,1
有冇,2
有冇搞錯,1
有分數,1
有別,1
有名,1
有咗,1
有啲,2
有型,1
有多,2
有如,1
有平,1
有幾可,1
有得,2
有得揮,1
有心,1
有心人,2
有性格,1
有意,2
有意思,1
有意無意,1
有所,1
有手有腳,1
有排,1
有效,1
有時,2
有時候,2
有樣學樣,1
有機,1
有毛有翼,1
有理,1
有生之年,1
有用,2
有病,1
有禮,1
有種,1
有空,1
有線,1
有聲,1
有講有笑,1
有趣,2
有路,1
有錢,2
有關,2
有限,1
有陣時,1
有點,1
朋友,2
朋友仔,1
朋輩,1
服,1
服務,1
服裝,1
朗讀,1
望,2
望見,2
朝,1
朝早,1
朝頭早,1
期,2
期待,1
期望,1
期貨,1
期間,2
朦,1
朦朧,1
木,2
木屋,2
木工,1
木板,1
木瓜,1
未,2
未來,2
未夠班,1
未婚夫,1
未必,2
未曾,1
未算,1
未經,1
末,1
末日,1
末期,1
本,2
本事,1
本人,1
本位,1
本來,2
本土,1
本地,2
本能,2
本質,1
本身,2
本金,1
本領,1
本體,1
朱,1
朱古力,1
朵,1
李,1
材,1
材料,1
村,2
村民,1
村莊,1
杜,1
条,1
杯,2
東,2
東亞,1
東南,1
東南亞,1
東歐,1
東涌,1
東窗事發,1
東莞,1
東西,2
板,1
板斧,1
枉,1
析,1
枕頭,1
林,1
果,2
果園,1
果斷,1
果汁,1
果然,1
果皮,1
果醬,1
枝,1
枯燥,1
枱,2
枱布,1
架,2
架構,1
架生,1
柄,1
某,2
某程度,1
某程度上,1
柑橘,1
柒,1
柒頭,1
染,1
柔,1
查,1
柬,1
柬埔寨,1
柯,1
柱,1
栗子,1
校,1
校刊,1
校園,1
校服,1
核突,1
根,2
根底,1
根據,1
根本,2
根治,1
根深蒂固,1
根源,1
格,1
格仔,1
格外,1
格局,1
格格不入,1
格言,1
格鬥,1
栽,1
栽種,1
桂,1
桂林,1
框,1
框架,1
案,1
案例,1
案底,1
案情,1
桶,1
梁,1
梅,1
梅開二度,1
梗,1
梗係,2
條,2
條件,1
條例,1
條款,1
條毛,1
條氣唔順,1
條約,1
梯,1
械劫,1
梳化,2
梳妝,1
梳洗,1
棄,1
棋,1
棍,1
棍波,1
棒,1
棘,1
棚,1
棟,1
森,1
森林,2
棲息,1
棺材,1
椅,1
植入,1
植物,1
椒鹽,1
椰菜,1
楊,1
楚,2
業,1
業主,1
業務,1
業界,1
極,1
極其,1
極其量,1
極度,1
極權,1
極端,1
極點,1
概念,2
概括,1
榨取,1
榮,1
構,1
槌,1
槍,1
槍械,1
槍聲,1
槓桿,1
樁,1
樂,2
樂園,2
樂意,1
樂此不疲,1
樂觀,1
樂趣,1
樓,2
樓上,1
樓下,2
樓價,1
樓市,1
樓梯,1
樖,1
標,1
標升,1
標準,1
標示,1
標籤,1
標記,1
標誌,1
標靶藥,1
標題,1
模仿,1
模式,1
模樣,1
模糊,1
樣,2
樣衰,1
樣貌,1
樹,1
樹林,1
樹枝,1
樹葉,1
樽,1
橋,1
橙,1
機,2
機器,1
機場,2
機密,1
機會,2
機械人,1
機構,1
機能,1
機關,1
機關槍,1
橡筋,1
橫,1
橫掂,1
橫樑,1
橫空出世,1
橫衝直撞,1
橫過,1
檔,1
檔案,1
檢控,1
檢查,1
檢獲,1
檢討,1
檢驗,1
櫃,1
櫈,1
櫻桃,1
欄杆,1
權,1
權力,1
權益,1
欠,1
欠債,1
欠缺,1
次,2
次數,1
次方,1
次次,2
次等,1
欣喜若狂,1
欣賞,2
欲,1
欺,1
欺壓,1
款,1
款式,1
歉,1
歉意,1
歌,2
歌手,2
歌曲,1
歌聲,2
歌詞,2
歎,1
歐,1
歐洲,2
歡,1
歡呼,1
歡天喜地,1
歡愉,1
歡樂,1
歡樂時光,1
歡迎,2
歡迎光臨,1
止,2
止痛,1
正,2
正一,1
正中,1
正反,1
正嘢,1
正在,1
正好,1
正如,1
正常,2
正式,2
正所謂,1
正手,1
正日,1
正本,1
正正,2
正比,1
正氣,1
正牌,1
正當,1
正直,1
正確,2
正統,1
正經,1
正義,1
正行,1
正規,1
正話,1
正途,1
正面,1
正題,1
此,1
步,2
步伐,1
步行,1
武,1
武俠,1
武器,1
武漢,1
歧視,1
歪理,1
歲,2
歲數,1
歲月,1
歷,1
歷史,2
歷時,1
歷歷在目,1
歷練,1
歸,1
歸咎,1
歸納,1
歸類,1
歹,1
死,2
死亡,1
死人,2
死仔,1
死刑,1
死啦,1
死寂,1
死撐,1
死於非命,1
死氣喉,1
死水,1
死硬,1
死約,1
死者,1
死而無憾,1
死蠢,1
死裏逃生,1
死角,1
死都,1
死鬼,1
殖民,1
殖民地,1
殘,1
殘廢,1
殘忍,1
殘暴,1
殘殺,1
殘缺,1
殘舊,1
殘酷,1
殘障,1
殮房,1
殯儀館,1
段,2
殺,2
殺人放火,1
殺你,1
殺害,1
殺死,2
殺生,1
殼,1
毀,1
毀滅,1
毅,1
毅力,1
毆,1
毆打,1
毋須,1
母,2
母子,1
母親,1
母親節,1
母語,2
每,2
每日,2
每況愈下,1
每當,1
每逢,1
毒,1
毒打,1
毒殺,1
比,2
比例,1
比喻,1
比數,1
比武,1
比率,1
比賽,1
比起,2
比較,2
毛,1
毛巾,1
毛毛雨,1
毛氈,1
毛病,1
毛管,1
毛都未出齊,1
毛鬙鬙,1
毫,1
毫不,1
毫升,1
毫子,1
毫無,2
民,1
民主,1
民族,1
民眾,1
民間,1
氣,2
氣候,1
氣勢,1
氣喘,1
氣息,2
氣氛,2
氣派,1
氣管,1
氣節,1
氣袋,1
氣頂,1
氧氣,1
水,2
水土不服,1
水塘,1
水平,2
水庫,1
水晶,1
水果,2
水池,1
水浸,1
水準,1
水路,1
水電煤,1
永,1
永不,1
永別,1
永生,1
永遠,2
氹,1
氹氹轉,1
汁,1
求,2
求之不得,1
求其,1
求勝,1
求婚,1
求學,1
求情,1
求救,1
求職,1
求饒,1
汗,2
汗水,1
江,1
江湖,1
池塘,1
污,1
污糟,1
污糟嘢,1
汪,1
汲取,1
決,1
決定,2
決心,1
決策,1
決絕,1
決議,1
汽水,1
沃,1
沉,1
沉思,1
沉澱,1
沉默,1
沒,1
沒收,1
沒有,1
沖,2
沖刷,1
沖喜,1
沖昏,1
沖涼,2
沖繩,1
沖茶,1
沙,1
沙冧,1
沙地阿拉伯,1
沙士,1
沙灘,1
沙田,1
沙石,1
沮喪,1
河畔,1
油,2
油价,1
油光,1
油水,1
油漆,1
治,1
治安,1
治療,1
沽,1
沾,1
沾染,1
沿,1
沿用,1
沿途,1
況,1
況且,1
泄,1
泄露,1
泊,1
法,2
法事,1
法制,1
法則,1
法國,2
法官,1
法庭,1
法律,1
法拉利,1
法文,2
法治,1
法理,1
法證,1
法院,1
泛,1
泡沫,1
波,1
波動,1
波子,2
波子機,1
波幅,1
波蘭,2
波霸,1
泣,1
泥,1
泥土,1
泥濘,1
注,1
注定,1
注意,1
注意力,1
注目,1
注視,1
泰,1
泰國,1
泰文,1
洋,1
洗,2
洗塵,1
洗手間,2
洗胃,1
洗腦,1
洗衣房,1
洗衫,2
洗錢,1
洛,1
津津有味,1
津白,1
津貼,1
洪,1
洲,1
洶湧,1
活,2
活力,1
活動,2
活潑,1
活火山,1
活生生,1
活躍,1
派,1
派势,1
派發,1
流,2
流傳,1
流利,1
流動,1
流失,1
流流長,1
流浪漢,1
流產,1
流眼淚,1
流血,2
流行,1
流行曲,1
流連,1
浩,1
浩浩蕩蕩,1
浪,1
浪漫,1
浪潮,1
浪費,1
浮,1
浴室,1
浴缸,1
海,1
海傍,1
海南,1
海外,1
海水,2
海盜,1
浸,1
浸會大學,1
浸豬籠,1
消化,1
消失,2
消息,2
消毒,1
消滅,1
消磁,1
消耗,1
消防員,1
消除,1
涉,1
涉及,1
涯,1
液體,1
涵,1
涼,2
淆底,1
淋,1
淒,1
淒涼,1
淘,1
淚,1
淡,1
淡友,1
淡然,1
淨,1
淨低,1
淨係,2
淨化,1
淪為,1
淪落,1
淪陷,1
淫,1
深,2
深信,2
深入,1
深刻,1
深受,1
深圳,1
深奧,1
深宵,1
深山,1
深思熟慮,1
深深,2
深究,1
深造,1
深遠,1
淵,1
淵博,1
混亂,1
混合,1
混淆,1
混血兒,1
淺,1
添,2
清,2
清光,1
清晨,1
清晰,1
清楚,2
清洗,1
清清楚楚,2
清湯,1
清潔,1
清澈,1
清理,1
清甜,1
清白,1
清真寺,1
清算,1
清醒,1
清音,1
清香,1
減,1
減低,1
減壓,1
減少,1
減肥,1
減輕,1
減退,1
渠,1
渠地,2
渡過,1
渣,1
温柔,1
港,2
港人,1
港元,1
港女,2
港幣,1
港式,1
港紙,1
港豬,1
渴望,1
游,1
渺小,1
湊,1
湊仔,1
湊熱鬧,1
湘,1
湧,1
湯,1
湯水,1
湿,1
湿地,1
源,1
源自,1
源遠流長,1
源頭,1
準,1
準備,2
準時,1
準確,1
溝,1
溝仔,1
溝女,1
溝通,2
溢,1
溪錢,1
溶,1
溶化,1
溶溶爛爛,1
溺,1
滂沱,1
滅,1
滋味,1
滑,1
滑稽,1
满嘴,2
滲透,1
滴,1
滾,1
滾水,1
滿,2
滿佈,1
滿意,2
滿月,1
滿腔,1
滿足,1
滿面,2
漆黑,1
漏,1
漏墨,1
漏氣,1
漏洞,1
演,1
演出,1
演員,1
演唱會,1
演嘢,1
演算法,1
演藝,1
演講,1
演變,1
漠視,1
漢,1
漢字,1
漢語,2
漫,2
漫天,1
漫步,1
漫畫,1
漲,1
漸漸,1
漿糊,1
潑,1
潔,1
潔身自愛,1
潘,1
潛,1
潛伏,1
潛在,1
潦倒,1
潮,1
潮州,1
潮州話,1
澀,1
澳洲,1
澳門,1
激,1
激動,1
激嬲,1
激昂,1
激死,1
激烈,1
激發,1
濁,1
濁音,1
濃,1
濃郁,1
濕,1
濕地,1
濕潤,1
濫,1
濫竽充數,1
濱,1
濺,1
瀟灑,1
瀡,1
瀨,1
瀾,1
灌,1
灌注,1
灌輸,1
灑,1
灣仔,1
火,2
火力,1
火化,1
火坑,1
火滾,1
火焰,1
火燒,1
火爐,1
火腩,1
火腿,1
火花,1
火起,1
火車,2
火辣辣,1
灰,1
灰塵,1
灰色,1
災難,1
炆,1
炎,1
炒,2
炒作,1
炒散,1
炒賣,1
炒飯,2
炒魷魚,1
炭,1
炮,1
炮仗頸,1
炮灰,1
炸,1
炸彈,1
為,2
為主,1
為之,1
為乜,1
為了,1
為人,1
為例,1
為咗,2
為所欲為,1
為數,1
為本,1
為止,1
為重,1
為難,1
為首,1
烏,1
烏低身,1
烏冬,1
烏蠅,1
烏鴉,1
焗,1
無,2
無上,1
無中生有,1
無力,1
無反,1
無可奈何,1
無啦啦,1
無奈,1
無常,1
無形,1
無影無蹤,1
無從,1
無心,1
無情,2
無意,1
無憂無慮,1
無所事事,1
無敵,1
無數,1
無條件,1
無止境,1
無比,2
無理,1
無理取鬧,1
無疑,1
無端端,2
無線,2
無線電視,1
無緣無故,1
無聊,1
無聊賴,1
無補於事,1
無論,2
無論如何,1
無謂,1
無賴,1
無辜,1
無邊,1
無關,1
無限,1
無非,1
焦,1
焦急,1
焦點,1
然,2
然之後,2
然後,2
然而,1
煉獄,1
煎,1
煎熬,1
煙,1
煙草,1
照,2
照單全收,1
照射,1
照常,1
照應,1
照明,1
照樣,1
照肺,1
照舊,1
照顧,2
煩,2
煩惱,1
煩躁,1
煮,2
煮飯,1
煲,1
煲呔,1
煲湯,1
煽,1
煽動,1
熄,1
熊,1
熔,1
熙來攘往,1
熟,1
熟人,1
熟客,1
熟悉,1
熟手,1
熟睡,1
熟練,1
熟識,1
熟路,1
熟食,1
熱,2
熱情,1
熱愛,1
熱烈,1
熱誠,1
熱身,1
熱門,1
熱鬧,1
燃燒,1
燈,1
燈位,1
燈光,1
燈柱,1
燈籠,1
燒,1
燒嘢食,1
燒烤,1
燒香,1
燕麥,1
燙,1
營救,1
營運,1
營養,1
燦爛,1
爆,1
爆冷,1
爆樽,1
爆炸,1
爆發,1
爆血管,1
爆裂,1
爆響口,1
爐,1
爛,1
爛泥,1
爛賭,1
爛醉,1
爛銅爛鐵,1
爛鬼,1
爪,1
爪牙,1
爬,2
爭,2
爭住,1
爭取,1
爭執,1
爭拗,1
爭氣,1
父,1
父子,2
父母,2
父親,1
爸,2
爸爸,2
爹,1
爺,1
爺爺,1
爽,1
爽朗,1
爾,1
牆,1
牆紙,1
牆角,1
片,2
版,1
版本,1
版畫,1
版面,1
牌,2
牌坊,1
牌子,2
牌照,1
牙,2
牛,2
牛一,1
牛仔,1
牛仔褲,1
牛奶,2
牛工,1
牛扒,1
牛肉,2
牛肉乾,1
牛脾氣,2
牛腩,1
牛頸,1
牢,1
牧場,1
牧民,1
物,2
物件,1
物價,1
物品,1
物理,1
物理治療,1
物資,1
物質,1
物體,1
牲畜,1
特,1
特別,2
特區,2
特徵,1
特效,1
特登,1
特色,2
特首,1
特點,1
牽掛,1
牽涉,1
牽連,1
犀利,2
犁,1
犧牲,1
犯,1
犯案,1
犯法,1
犯罪,1
犯錯,1
狀,1
狀態,1
狀況,2
狂,1
狂想,1
狐狸,1
狐狸精,1
狗,2
狗仔,1
狗帶,1
狗血淋頭,1
狗衝,1
狙擊,1
狠,1
狠心,1
狠狠,1
狹,1
狹小,1
狹窄,1
狼,1
狼人,1
狼戾,1
狼牙棒,1
狼狽,1
猙獰,1
猛,1
猛力,1
猛咁,1
猛烈,1
猜,1
猜枚,1
猥瑣,1
猶太,1
猶太人,1
猶如,1
猶豫,1
獅,1
獅子山,1
獎,1
獎勵,1
獎牌,1
獎金,1
獨,1
獨力,1
獨居,1
獨有,1
獨立,1
獨裁,1
獲,1
獲得,1
獵物,1
獵犬,1
獸,1
玄關,1
率,1
玉,1
王,2
王國,1
王者,1
王道,1
玥,1
玩,2
玩具,1
玩嘢,2
玩完,1
玩法,1
玩玩下,1
玻璃,1
玻璃樽,1
珍惜,1
珍珠,1
珍珠奶茶,1
珍而重之,1
珍貴,1
珍重,1
珠,1
珠寶,1
班,2
班主,1
班主任,1
班馬,1
現,1
現今,1
現代,2
現在,1
現場,2
現存,1
現實,1
現役,1
現成,1
現有,1
現況,1
現狀,1
現象,2
現身,1
現金,1
現階段,1
球,2
球員,1
球場,1
球技,1
球星,1
球賽,1
球迷,1
球隊,1
理,2
理大,1
理想,2
理應,1
理所當然,1
理智,1
理會,1
理由,1
理科,1
理解,2
理論,1
琳,1
琴,1
琴日,1
琴晚黑,1
瑕疵,1
瑞典,1
環,1
環境,2
環節,1
環頭,1
瓜,1
瓣,1
瓷,1
瓷磚,1
甘,2
甘心,1
甚,1
甚至,2
甚至乎,1
甚麼,1
甜,1
甜品,2
甜美,1
甜蜜,1
甜頭,1
生,2
生仔,1
生兒育女,1
生劏,1
生命,2
生命力,1
生命線,1
生字,1
生存,1
生性,1
生意,2
生態,1
生手,1
生日,2
生果,2
生氣,2
生活,2
生活費,2
生涯,1
生無可戀,1
生物,1
生生不息,1
生約,1
生計,1
生離死別,1
生鬼,1
產,1
產品,1
產業,1
產物,1
產生,1
產量,1
用,2
用力,2
用嚟,1
用家,1
用意,1
用法,1
甩,1
甩底,1
甩身,1
田,2
田園,1
田野,1
田雞,1
由,2
由始至終,1
由得,1
由於,2
由衷,1
由頭到尾,1
甲,1
甲骨文,1
申冤,1
申請,1
男,2
男人,2
男人老狗,1
男仔,2
男士,1
男女,2
男子,1
男子漢,1
男孩,2
男廁,1
男朋友,2
男裝,1
畀人,2
界,1
畏懼,1
留低,1
留學,1
留守,1
留心,1
留意,2
留戀,1
留步,1
留言,1
留院,1
畢,1
畢業,1
畢業生,1
畢生,1
畢竟,1
略略,1
番,2
番書仔,1
番茄,1
畫,1
畫廊,1
畫畫,1
畫質,1
畫面,1
異,1
異曲同工,1
異樣,1
異議,1
異類,1
當,2
當中,2
當事人,1
當今,2
當住,1
當值,1
當做,1
當初,1
當前,1
當務之急,1
當地,1
當堂,1
當場,1
當差,1
當年,2
當成,1
當日,2
當時,2
當晚,2
當然,2
當真,1
當眼,1
當街當巷,1
當造,1
當面,1
疊,1
疏,1
疑,1
疑問,1
疑惑,1
疑神疑鬼,1
疑點,1
疤,1
疫情,1
疫症,1
疲,1
疲勞,1
疲累,1
疾呼,1
病,2
病人,2
病例,1
病好,1
病患,1
病情,2
病房,2
病歷,1
病毒,1
病變,1
病重,1
病魔,1
症,1
症候群,1
症狀,1
痕,1
痕跡,1
痛,2
痛快,1
痛楚,1
痛苦,1
痴情,1
痴線,1
瘀,1
瘀傷,1
瘋狂,1
瘤,1
瘦,2
瘦肉,1
療,1
療法,1
療程,1
癌,1
癌症,1
癖,1
癮,1
癲,1
登,1
登入,1
登記,1
發,2
發作,1
發光,1
發出,2
發力,1
發動,2
發呆,2
發嬲,1
發展,2
發惡,1
發掘,1
發揚,1
發揚光大,1
發揮,1
發放,1
發明,1
發源地,1
發火,1
發炮,1
發燒,1
發牢騷,1
發狂,1
發現,2
發生,2
發癲,1
發聲,1
發育,1
發脾氣,2
發臭,1
發覺,2
發言,1
發誓,1
發財,1
發起,1
發達,1
發開口夢,1
發難,1
發電,2
發電機,1
發音,2
白,2
白事,1
白咭,1
白痴,1
白白,1
白紙,1
白肉,1
白色,2
白費,1
白車,1
白雪雪,1
白飯,1
白鴿,1
百,2
百佳,1
百年歸老,1
百般,1
的,2
的士,2
的水,1
的確,2
的而且確,1
的話,2
皆,1
皇,1
皇后,1
皇天不負有心人,1
皇室,1
皮,2
皮光肉滑,1
皮嘢,1
皮膚,1
皮鞋,1
皺,1
皺眉,1
盃,1
益,1
盎,1
盒,1
盛,1
盛行,1
盞,1
盞鬼,1
盡,1
盡力,1
盡力而為,1
盡情,1
盡責,1
盡頭,1
監,1
監牢,1
監獄,1
監督,1
監禁,1
監考,1
盤,1
盤口,1
盤旋,1
盤算,1
盧,1
盪,1
目,2
目光,2
目前,1
目標,2
目的,2
目的地,2
盲,1
盲人,1
盲目,1
直,2
直到,2
直升機,1
直徑,1
直指,1
直接,2
直播,2
直程,1
直線,1
直至,1
直覺,1
直認,1
直譯,1
直頭,1
相,1
相交,1
相似,2
相信,2
相傳,1
相反,2
相同,1
相對,2
相撞,1
相機,1
相比,1
相比之下,1
相當,1
相當之,1
相當於,1
相等,1
相約,1
相繼,1
相處,1
相親,1
相識,1
相輔相成,1
相通,1
相遇,1
相隔,1
盼,1
盼望,1
省,1
省略,1
眉來眼去,1
眉心,1
眉目,1
眉頭,1
看,2
看住,1
看來,1
看待,1
看更,1
看門口,1
真,2
真人,2
真人騷,1
真係,2
真實,1
真心,2
真是,1
真正,2
真理,1
真相,2
真相大白,1
真空,1
真系,2
真話,1
眨,1
眨下眼,1
眨眼,1
眼,2
眼光,2
眼利,1
眼前,2
眼力,1
眼淚,2
眼火爆,1
眼球,1
眼甘甘,1
眼皮,1
眼眶,1
眼睛,1
眼瞓,1
眼神,1
眼簾,1
眼紅,1
眼紅紅,1
眼罩,1
眼色,2
眼見,1
眼角,2
眼鏡,2
眾人,1
眾人皆醉我獨醒,1
着,1
着急,1
着想,1
着數,1
着草,1
着重,1
睄,1
睇,2
睇中,1
睇低,1
睇住,2
睇出,1
睇唔出,1
睇唔起,1
睇嚟,1
睇場,1
睇實,1
睇得出,1
睇戲,1
睇書,2
睇死,1
睇法,2
睇白,1
睇真啲,1
睇醫生,2
睇開,1
睜,1
睡,1
睡夢,1
睡意,1
睡房,1
睡眠,1
睡眼惺忪,1
瞇,1
瞌,1
瞓,1
瞓著,1
瞓覺,2
瞓身,1
瞓過龍,1
瞓醒,1
瞞,1
瞪,1
瞬間,1
瞭如指掌,1
瞻仰,1
矛盾,1
矜貴,1
知,2
知名,2
知名度,1
知死,2
知覺,1
知識,2
知識份子,1
知道,2
短,1
短命,1
短暫,1
短短,1
短處,1
矮,1
石,2
石油,1
石級,1
石頭,2
砌,1
砍,1
砒霜,1
研發,1
研究,2
破,2
破傷風,1
破地獄,1
破壞,1
破涕為笑,1
破碎,1
破舊,1
砸,1
硬,1
硬仗,1
硬朗,1
硬淨,1
硬頸,1
硬食,1
碌,1
碎,1
碎片,1
碗,1
碗碟,1
碗筷,1
碘酒,1
碧,1
碰,1
碰釘,1
確係,1
確保,1
確定,1
確實,1
確認,1
碼,1
碼頭,1
磁場,1
磅,1
磚,1
磨,1
礙,1
礦,1
示,1
示好,1
示威,1
示弱,1
示意,1
示範,1
社,2
社交,2
社區,1
社團,1
社工,1
社會,2
社會學,1
社會科學,1
社群,1
祖先,1
祖國,1
祖宗,1
祝,1
神,1
神不守舍,1
神仙,1
神奇,1
神情,1
神態,1
神智不清,1
神檯,1
神神化化,1
神秘,1
神經,1
神話,1
票,2
祭品,1
禁,1
禁制令,1
福,1
福利,1
福祉,1
福音,1
禮,1
禮儀,1
禮堂,1
禮拜,2
禮拜一,2
禮拜六,1
禮拜日,2
禮服,1
禮物,2
禮貌,1
禮金,1
禱告,1
禽,1
禾,1
私,1
私下,1
私事,1
私利,1
私奔,1
私家,2
私家車,1
私己錢,1
私底下,1
私房菜,1
私樓,1
私煙,1
私自,1
私隱,1
秉,1
秋,1
秋天,1
科,2
科大,1
科學,2
科技,1
科普,1
科目,1
秒,1
秒鐘,1
秘密,1
秘書,1
秘訣,1
租,1
租住,1
租金,1
秤,1
秦,1
秩序,1
移,1
移動,1
移民,1
程,1
程序,1
程度,2
稍,1
稍為,1
稚氣,1
種,1
種子,1
種族,1
種種,1
種類,1
稱,1
稱之為,1
稱呼,1
稱得上,1
稱為,1
稱職,1
稱讚,1
稻田,1
稻草,1
穀,1
穀物,1
積,1
積極,1
積落,1
積蓄,1
穎,1
穩,1
穩定,1
穩陣,1
究竟,2
空,2
空中,1
空出,1
空心,1
空想,1
空手道,1
空曠,1
空檔,1
空殼公司,1
空氣,2
空白,1
空置,1
空耳,1
空虛,1
空運,1
空閒,1
空間,2
穿,2
突,1
突如其來,1
突擊,1
突然,2
突然之間,2
突然間,2
突破,1
突襲,1
突顯,1
窄,1
窄幅,1
窒,1
窒息,1
窗,2
窗台,1
窩,1
窮,2
窮途末路,1
窮鄉僻壤,1
窮鬼,1
窿,1
竄,1
竅,1
竅門,1
竇,1
竊,1
立,1
立刻,1
立即,2
立體,1
站,2
站立,1
竟,1
竟然,2
章,2
童年,1
童養媳,1
竭,1
竭力,1
端,1
競爭,1
竹,1
竹林,1
笆,1
笑,2
笑容,1
笑意,1
笑笑口,1
笑聲,2
笑話,1
笑點,1
笙,1
笛,1
笠,1
符合,1
符號,1
笨,1
笪,1
第,2
第一,2
第一時間,2
第三者,1
第九,2
第二,2
第二日,2
第二朝,1
第日,1
第時,1
筆,1
筆記,1
筆試,1
筆跡,1
等,2
等如,1
等待,1
等於,1
等等,2
等錢使,1
等閒,1
等陣,1
筋,1
筋疲力盡,1
筋骨,1
答,2
答案,2
答覆,1
策略,1
筷子,1
箇中,1
算,2
算係噉,1
算啦,2
算帳,1
管,1
管制,1
管治,1
管理,1
管理員,1
箭,1
箱,2
節制,1
節哀順變,1
節奏,1
節日,1
節目,2
範,1
範圍,1
範疇,1
篇,1
篤,1
篤手指,1
簡介,1
簡化,1
簡單,2
簡報,1
簡直,1
簡稱,1
簡陋,1
簷篷,1
簽,1
簽到,1
簽名,1
簽字,1
簽約,1
簽紙,1
簽證,1
簿,1
籃,1
籌,1
籌備,1
籌劃,1
籌組,1
籌辦,1
籠,1
籬笆,1
米,1
米線,1
米蘭,1
粉,1
粉碎,1
粉筆,1
粉絲,1
粉腸,1
粒,1
粒子,1
粒聲唔出,1
粒鐘,1
粗,1
粗口,1
粗壯,1
粗心大意,1
粗略,1
粟米,1
粵,1
粵文,1
粵曲,1
粵語,2
精力,1
精彩,1
精明,1
精神,1
精美,1
精英,1
精華,1
精通,1
精髓,1
糊,1
糕點,1
糖,1
糖果,1
糖黐豆,1
糜爛,1
糞便,1
糧,1
糧食,1
系,2
系列,1
系統,1
糾,1
糾纏,1
紀念,1
紀念品,1
紀錄,1
紀錄片,1
約,2
約定,1
約定俗成,1
紅,2
紅人,1
紅油,1
紅燈,1
紅磡,1
紅色,2
紅茶,2
紋,1
納,1
紐約,1
純,1
純品,1
純樸,1
純熟,1
純粹,1
紗布,1
紙,2
紙包,1
紙媒,1
紙巾,1
紙條,1
紙牌,1
紙皮,1
級,1
級別,1
級數,1
紛爭,1
紛紛,1
素,1
索,1
索償,1
紧,1
紫,1
紫色,1
紮,1
累,1
累人累物,1
累積,1
細,2
細佬,2
細個,2
細妹,1
細微,1
細節,1
細細個,2
細細粒,1
細聲,2
細胞,1
細膽,1
細菌,1
細路,2
細路仔,2
細軟,1
細階,1
紳士,1
終,1
終年,1
終於,1
終日,1
終身,1
組,1
組別,1
組合,1
組織,1
結,2
結伴,1
結合,1
結婚,2
結尾,2
結局,1
結晶,1
結束,1
結果,2
結構,1
結盟,1
結社,1
結論,1
絕,1
絕世,1
絕對,1
絕招,1
絕望,1
絕非,1
給,1
絮,1
統治,1
統籌,1
統計,1
絲,1
絲帶,1
綁,1
綁架,1
經,2
經典,1
經已,1
經常,2
經手,1
經歷,1
經濟,1
經濟學,1
經營,1
經理,1
經理人,1
經紀,1
經過,2
經驗,2
綜合,1
綜援,1
綜觀,1
綠,2
綠燈,1
綠色,2
綠茶,1
綠豆,1
維,1
維修,1
維持,1
維穩,1
維繫,1
維護,1
網,2
網上,1
網上商店,1
網台,1
網吧,1
網址,1
網媒,1
網店,1
網站,1
網絡,2
網路,1
網頁,1
綿羊,1
緊,2
緊張,2
緊要,2
緊閉,1
緒,1
線,2
線條,1
緣,1
緣份,1
緣故,1
編,1
編者,1
編輯,1
緩和,1
緩衝,1
緬甸,1
練,1
練習,1
縣,1
縫,1
縮,1
縮細,1
縮開,1
縮骨,1
總,1
總之,2
總係,1
總共,1
總括,1
總數,1
總會,1
總監,1
總站,1
總算,1
總結,1
總行,1
總部,1
繁複,1
繃緊,1
織,1
繩,1
繪畫,1
繼,1
繼續,2
繼而,1
繽紛,1
續集,1
纏繞,1
纖,1
缸,1
缺,1
缺乏,1
缺口,1
缺少,1
缺席,1
缺點,2
罐,1
罐頭,1
罕,1
罩,1
罪,1
罪人,1
罪名,1
罪案,1
置,1
置地廣場,1
置身事外,1
罰款,1
署,1
罵,1
羅,1
羅湖,1
羅馬,1
羈留,1
羊,2
羊咩,1
羊毛,1
美,2
美元,2
美国,2
美國,2
美好,2
美妙,1
美孚,1
美學,1
美容,1
美德,1
美洲,2
美金,2
美食,1
美麗,1
群,1
群眾,1
群體,1
羨慕,1
義,1
義務,1
義工,1
義舉,1
羽毛球,1
羽絨,1
習,1
習俗,1
習慣,2
翔,1
翳悶,1
翻,1
翻天覆地,1
翻炒,1
翻譯,1
翻身,1
翼,1
耀,1
老,2
老人家,1
老太太,1
老婆,2
老家,1
老實,1
老實講,1
老師,2
老朋,1
老本行,1
老死,1
老母,2
老爺機,1
老百姓,2
老竇,1
老笠,1
老細,1
老總,1
老翻,1
老老實實,1
老西,1
老闆,2
老麥,1
老鼠,1
考,2
考察,1
考慮,2
考牌,1
考試,1
考起,1
者,2
而,2
而且,1
而家,2
而已,1
耐,2
耐唔耐,1
耐心,1
耐性,1
耕,1
耕地,1
耕田,1
耕種,1
耗,1
耳,2
耳仔,1
耳仔軟,1
耳機,1
耳環,1
耳筒,1
耳語,1
耷低頭,1
耿直,1
聆聽,1
聊,1
聊天,1
聊天室,1
聖,1
聖經,1
聖誕,1
聖誕樹,1
聖誕節,1
聖誕老人,2
聚,1
聚會,1
聚集,1
聞,1
聞到,1
聯,1
聯合,1
聯名,1
聯手,1
聯會,1
聯盟,1
聯絡,1
聯繫,1
聯賽,1
聰明,2
聲,2
聲嘶力竭,1
聲明,1
聲望,1
聲稱,1
聲線,1
聲討,1
聲調,2
聲音,2
職,1
職位,1
職員,1
聽,2
聽人講,2
聽住先,1
聽力,1
聽唔入耳,1
聽日,2
聽晚,2
聽朝,1
聽聞,1
聽見,2
聽話,1
聽講,2
聽講話,1
聽過,2
聽電話,2
聽香,1
聾,2
肅靜,1
肉,2
肉體,1
肋骨,1
肌,1
肌肉,1
肘,1
肚,2
肚皮,1
肚腩,1
肚餓,2
股,1
股份,1
股票,1
肢,1
肥,1
肥佬,1
肥沃,1
肥胖,1
肩,1
肯,2
肯定,2
肺,1
肺炎,1
肺片,1
胃,1
胃口,1
背,1
背住,1
背叛,1
背囊,1
背地裏,1
背影,1
背後,2
背景,1
背書,1
背脊,1
背負,1
背道而馳,1
背面,1
胎,1
胡,1
胡同,1
胡思亂想,1
胴體,1
胸,1
胸口,1
能,2
能力,2
能夠,2
能量,1
脈,1
脈絡,1
脱,1
脷,1
脹,1
脾,1
脾氣,2
腎上腺,1
腎虧,1
腐乳,1
腐敗,1
腐爛,1
腔,1
腕,1
腦,2
腦海,1
腦袋,1
腫,1
腫瘤,1
腰,1
腰帶,1
腰間,1
腳,2
腳架,1
腳步,2
腳骨力,1
腸,1
腹,1
腿,1
膊頭,1
膚淺,1
膚色,1
膜,1
膝,1
膠,1
膠袋,1
膽,1
膽粗粗,1
臉,1
臟,1
臨,1
臨時,1
臨行,1
自,2
自主,1
自以為,1
自信,2
自信心,1
自修室,1
自助,1
自動,2
自動波,1
自動自覺,1
自卑,1
自卑感,1
自古以來,1
自問,1
自嘲,1
自大,1
自如,1
自學,2
自尊心,1
自己,2
自己人,1
自從,2
自必然,1
自戀,1
自我,1
自打嘴巴,1
自暴自棄,1
自此,1
自殘,1
自殺,2
自治,1
自瀆,1
自然,2
自由,2
自由自在,1
自私,2
自稱,1
自給自足,1
自自然然,2
自行,1
自覺,1
自言自語,1
自認,1
自豪,1
自負盈虧,1
自責,1
自身,2
自閉,1
自願,1
臭,1
臭名遠播,1
臭格,1
臭閪,1
至,2
至上,1
至今,1
至到,1
至好,1
至少,1
至於,2
至親,1
致,1
致力,1
致敬,1
臺,1
舂眼瞓,1
舅父,1
與,1
與其,1
與否,1
與此同時,1
興,1
興奮,1
興起,1
興趣,2
興高采烈,1
舉,1
舉例,1
舉動,1
舉行,1
舉起,1
舉辦,1
舊,1
舊年,1
舊愛,1
舊時,1
舊約,1
舌,1
舍,1
舒服,2
舒適,1
舖,1
舖頭,1
舞廳,1
舞蹈,1
舞蹈員,1
舟,1
航,1
航空公司,1
般,1
船,1
船到橋頭自然直,1
船期,1
艘,1
艦隊,1
良,1
良好,1
艱,1
艱深,1
艱辛,1
艱難,1
色,2
艾,1
芒果,1
芝,1
芬,1
花,2
花園,2
花心,1
花樽,1
花灑,1
花牌,1
花費,1
芳,1
芳蹤,1
苑,1
苗,2
苛刻,1
苛政猛於虎,1
若,1
若干,1
若無其事,1
苦,2
苦主,1
苦笑,1
苦難,1
英,2
英俊,1
英倫,2
英國,2
英國人,2
英文,2
英格蘭,1
英語,2
英鎊,1
英雄,1
茂密,1
茅,1
茶,2
茶壺,1
茶樓,1
茶葉,1
茶餐廳,1
荃灣,1
草,2
草叢,1
草地,1
草坪,1
草帽,1
荒唐,1
荒蕪,1
荒誕,1
荒謬,1
荔,1
荔枝,1
荣,1
荷蘭,1
莊,1
莫,1
莫名其妙,1
莫講話,1
莫過於,1
莫非,1
莽,1
菌,1
菜,1
華,1
華人,1
華文,1
菲,1
菲律賓,1
萌生,1
萎縮,1
萬,2
萬一,2
萬寶路,1
萬惡,1
萬物,1
萬般,1
落,2
落去,2
落台,1
落單,1
落地,1
落場,1
落山,2
落後,1
落户,1
落手,1
落格,1
落樓,2
落腳,1
落袋,1
落車,2
落雨,2
葉,1
著名,1
葡文,2
葡萄牙,1
董事,1
葬,1
葬禮,1
葵涌,1
葵芳,1
蒂,1
蒙騙,1
蒲,1
蒲頭,1
蒸發,1
蒼白,1
蓋,1
蓋棺,1
蓬勃,1
蔡,1
蕉,1
蕩,1
蕭,1
薄,1
薄弱,1
薑,1
薑醋,1
薛,2
薪,1
薪酬,1
薯條,1
薰衣草,1
藉,1
藉口,1
藍,1
藍剔,1
藍籌,1
藍絲,1
藍綠色,1
藍色,1
藏,1
藏有,1
藏身,1
藝,1
藝術,1
藥,1
藥房,1
藥水,1
藥油,1
蘇,1
蘇丹,1
蘋果,1
蘭,1
蘿蔔,1
虎,1
虐待,1
處,1
處境,1
處於,1
處理,2
虛偽,1
虛弱,1
虛擬,1
虛榮,1
虛構,1
虛無,1
號,2
號外,1
號碼,2
虧,1
虧本,1
虧蝕,1
蚊,2
蛇,1
蛇王,1
蛋,1
蛋治,1
蛋糕,1
蜘蛛,1
蜜糖,1
蜜蜂,1
蝕,1
蝕底,1
蝗蟲,1
蝦,1
蝦人,1
蝦條,1
融,1
融入,1
融合,1
融洽,1
螞蟻,1
螢光幕,1
蟲,1
蠟,1
蠟像,1
蠟燭,1
蠟青,1
蠢,1
蠱惑,1
血,2
血壓,1
血緣,1
血色,2
血跡,1
行,2
行人,2
行內,1
行刑,1
行動,1
行喇,1
行埋,1
行山,2
行差踏錯,1
行徑,1
行得,1
行得通,1
行情,1
行政,1
行星,1
行李,2
行業,1
行為,2
行禮,1
行行,1
行街,2
行裝,1
行走,1
行路,1
行蹤,1
行運,1
行開,2
行青,1
行頭,1
術,1
術語,1
街,2
街口,1
街坊,1
街市,2
街數,1
街知巷聞,1
街邊,1
衝,1
衝動,1
衝口而出,1
衝擊,1
衝突,1
衝鋒陷陣,1
衣,1
衣服,1
衣櫃,1
衣物,1
衣食,1
表,1
表哥,2
表妹,1
表弟,1
表情,2
表態,1
表揚,1
表明,1
表決,1
表演,1
表現,1
表示,1
表達,2
表露,1
表面,1
表面上,1
衫,2
衫袖,1
衫褲,1
衫領,1
衰,1
衰人,1
衰仔,1
衰嘢,1
衰落,1
衰變,1
袁,1
袋,2
袋鼠,1
袍,1
被,2
被告,1
被困,1
被捕,1
被控,1
被迫,1
裁,1
裂,1
裂痕,1
裏,1
裏面,2
裙,1
補,1
補上,1
補償,1
補充,1
補品,1
補妝,1
補救,1
補時,1
補水,1
裝,1
裝修,1
裝置,1
裝飾,1
裸,1
製,1
製作,1
製片,1
製造,1
複,1
複數,1
複雜,1
褪後,1
褲,1
褸,1
襯,1
襯托,1
襲,1
襲擊,1
西,2
西人,1
西南,1
西史,1
西式,1
西方,2
西洋,1
西洋景,1
西班牙,2
西班牙文,2
西瓜,1
西裝,2
西褲,1
西餐,1
要,2
要不,1
要事,1
要人,1
要嚟,1
要塞,1
要好,2
要害,1
要求,2
要緊,1
要聞,1
要點,1
覆,1
覆診,1
見,2
見到,2
見客,1
見工,1
見稱,1
見紅,1
見肚,1
見解,1
見證,1
見識,1
見面,2
規,1
規則,1
規律,1
規矩,1
規範,1
覓,1
視,2
視乎,1
視力,1
視察,1
視線,1
視覺,1
視角,1
視野,1
視頻,1
親,1
親事,1
親人,2
親切,1
親力親為,1
親友,1
親口,1
親密,1
親情,1
親戚,2
親手,1
親生,1
親生骨肉,1
親眼,1
親筆,1
親身,1
親近,1
覺,2
覺得,2
覽,1
觀,1
觀光,1
觀塘,1
觀察,1
觀念,1
觀感,1
觀景台,1
觀望,1
觀測,1
觀眾,1
见到,1
觉得,2
角,2
角度,2
角色,2
角落,2
角落頭,1
角逐,1
解,2
解困,1
解圍,1
解散,1
解決,2
解畫,1
解碼,1
解答,1
解讀,1
解釋,2
解開,1
解除,1
觸,1
觸及,1
觸摸,1
觸電,1
言,1
言語,1
言談,1
言論,1
訂,1
訂單,1
訂製,1
訂造,1
訂金,1
計,2
計劃,1
計我話,1
計數,1
計數機,1
計時,1
計較,1
訊,2
訊息,2
訊號,1
討價還價,1
討厭,1
討教,1
討論,2
討論區,1
訓練,1
託,1
記,2
記住,2
記得,2
記憶,2
記招,1
記者,1
記起,2
記載,1
記錄,1
訛,1
訛傳,1
訛稱,1
訝,1
訪問,2
設立,1
設計,1
設計師,1
訴,1
訴諸,1
診,1
診所,1
診斷,1
詐,1
詐型,1
詐騙,1
評估,1
評價,1
評論,1
評頭品足,1
詞,1
詞典,1
詞彙,1
詞語,2
詠春,1
試,2
試吓,2
試問,1
試場,1
試探,1
試身,1
試過,2
詩,1
詩人,1
詫異,1
詭異,1
詭計,1
詭辯,1
話,2
話之,2
話事,1
話咁快,1
話咁易,1
話啫,1
話明,1
話時話,1
話晒,1
話題,2
詳情,1
詳細,1
誇,2
誇張,2
誌,1
認,1
認同,1
認定,1
認得,2
認為,2
認真,2
認知,1
認罪,1
認識,1
認購,1
認輸,1
認錯,1
誒,1
誕生,1
語,2
語序,1
語族,1
語氣,2
語法,2
語源,1
語無倫次,1
語系,2
語言,2
語言學,2
語調,1
語音,1
誠意,1
誡,1
誣衊,1
誤,1
誤差,1
誤會,1
誤解,1
説服,1
説話,2
誰,1
誰不知,1
課,1
課本,1
課程,1
課題,1
誹謗,1
調,1
調味,1
調整,1
調查,1
調理,1
調養,1
談,1
談天,1
談笑風生,1
請,2
請假,1
請問,1
請教,1
論,1
論文,1
論論盡盡,1
論點,1
諗,2
諗住,1
諗埋一邊,1
諗法,2
諗縮數,1
諗落,1
諗起,2
諗返,1
諗通,1
諜,1
諮詢,1
諷刺,1
諾,1
謀,1
謀害,1
謂,1
謎,1
講,2
講兩句,1
講到尾,1
講嘢,2
講大話,1
講學,1
講師,1
講手,1
講數,1
講明,2
講是非,1
講時講,1
講求,1
講法,2
講理,1
講真,2
講究,1
講笑,2
講緊,2
講解,2
講話,2
講述,1
講道,1
講開又講,1
謝,1
謝謝,1
謠言,1
謬誤,1
謹,1
謾罵,1
證人,1
證實,1
證據,1
證明,1
證物,1
證監會,1
識,2
識做,1
識字,1
識穿,1
識認,1
識貨,1
譜,1
警,1
警察,2
警方,1
警暴,1
警署,1
譬如,2
譬如話,2
譯,1
譯文,1
譯本,1
議案,1
議論,1
議題,1
護士,1
護照,1
讀,2
讀唇,1
讀數,1
讀書,2
讀本,1
讀者,1
讀音,1
變,2
變做,1
變動,1
變化,2
變態,1
變成,2
變數,1
變相,1
變調,1
讓,1
讓步,1
讚,1
讚不絕口,1
讚歎,1
讚賞,1
讥笑,1
训,1
讲,1
话,2
读书人,1
豆,2
豆漿,1
豆腐,1
豆膶咁細,1
豉油,1
豎起,1
豐,1
豐富,1
豐收,1
豐足,1
豔遇,1
象,1
象徵,1
象棋,1
豪華,1
豬,2
豬乸,1
豬仔,2
豬公,1
豬手,2
豬扒,1
豬頭,1
貌,1
貓,2
貓咪,1
負,1
負擔,1
負責,1
負面,1
財,1
財力,1
財團,1
財富,1
財政,1
財源廣進,1
財產,1
財經,1
貧,1
貧窮,1
貨,1
貨倉,1
貨櫃,1
貨物,1
貨色,1
貨車,1
販賣,1
貪,1
貪官,1
貪污,1
貪靚,1
貫,1
責任,1
責備,1
責怪,1
責罵,1
貯,1
貯存,1
貴,2
貴利,1
貴利佬,1
貴賓,1
貶義,1
買,2
買大,1
買少見少,1
買賣,2
費,2
費事,1
費唇舌,1
費用,1
費盡唇舌,1
費神,1
貼,1
貼地,1
貼士,1
貼身,1
貿,1
貿易,1
賀,1
賀歲,1
賀禮,1
資,1
資助,1
資料,2
資本主義,1
資格,1
資深,1
資源,1
資產,1
資訊,2
資金,1
賊,1
賓,1
賓語,1
賜,1
賜教,1
賠,1
賠償,1
賠錢,1
賢,1
賣,2
賣命,1
賣屎忽,1
賣錢,1
賤,1
賤人,1
賤格,1
賦予,1
質,1
質問,1
質感,1
質疑,1
質素,1
質量,1
賬,1
賭,2
賭債,1
賭博,1
賭場,1
賭客,1
賭局,1
賭波,1
賭錢,2
賭馬,1
賴,1
賴皮,1
賺,1
賺取,1
賺錢,1
購物,1
購買,1
賽,1
賽車手,1
贈品,1
贊成,1
贏,1
贏得,1
贖金,1
货,1
赤,1
赤裸,1
赫,1
走,2
走人,2
走勢,1
走夾唔唞,1
走廊,1
走數,1
走甩,1
走開,2
赴,1
赴湯蹈火,1
起,2
起上嚟,1
起伏,1
起初,1
起勁,1
起勢,1
起勢噉,1
起嚟,1
起手,1
起步,1
起泡,1
起源,1
起火,1
起痰,1
起眼,1
起码,2
起碼,2
起義,1
起腳,1
起色,1
起身,2
起頭,1
起飛,1
起點,1
趁,1
超,2
超乎,1
超人,1
超市,2
超新星,1
超生,1
超級,1
超級市場,1
超自然,1
超越,1
超過,1
越,2
越來越,1
越南,1
越嚟越,2
趕,2
趕住,1
趕唔切,1
趕得切,1
趕時間,2
趕緊,1
趕走,1
趙,1
趣事,1
趨,1
趨勢,1
足,1
足以,1
足夠,1
足球,2
足足,1
足跡,1
趴,1
趴低,1
趷高,1
跌,2
跌幅,1
跑,2
跑數,1
跑步,1
跑車,1
距離,2
跟,2
跟住,2
跟手,1
跟紅頂白,1
跟蹤,1
跟車,1
跟進,1
跟隨,1
跡,1
跣,1
跨,1
跨越,1
跪,1
跪低,1
路,2
路上,1
路人,2
路口,1
路牌,1
路程,1
路線,1
路途,1
跳,2
跳動,1
跳樓,1
跳舞,1
踎,1
踎低,1
踏,1
踏實,1
踏足,1
踐踏,1
踢,2
踢波,1
踢爆,1
踩,1
踭,1
踱步,1
蹂躪,1
蹄,1
蹤,1
蹤跡,1
蹲,1
蹴,1
蹺,1
躂,1
躍,1
身,2
身亡,1
身份,1
身光頸靚,1
身子,1
身家,1
身形,1
身後,2
身後事,2
身手,1
身有屎,1
身材,1
身為,1
身紀,1
身處,1
身軀,1
身邊,2
身體,2
身體健康,1
身體力行,1
身高,1
躬,1
車,2
車主,1
車卡,1
車尾燈,1
車廂,1
車牌,2
車程,1
車聲,1
車行,2
車費,1
車身,1
車錢,1
車門,1
車頭,2
車馬費,1
軌,1
軍,1
軍事,1
軍人,1
軍裝,1
軍隊,1
軟,1
軟化,1
軟弱,1
軟皮蛇,1
軟糖,1
軟雪糕,1
軸,1
較,1
載,1
載體,1
輔助,1
輔導,1
輔音,1
輕,1
輕微,1
輕快,1
輕易,1
輕聲,1
輕視,1
輕飄飄,1
輕鬆,1
輝,1
輪,1
輪住,1
輪到,1
輪廓,1
輪椅,1
輪流,1
輪迴,1
輸,2
輸家,1
輻射,1
輿論,1
轆,1
轉,2
轉個頭,1
轉動,1
轉化,1
轉口風,1
轉台,1
轉向,1
轉型,1
轉工,1
轉手,1
轉折,1
轉數,1
轉移,1
轉而,1
轉行,1
轉角,1
轉變,1
轉身,2
轉述,1
轉速,1
轉運,1
轉頭,1
轟,1
轟動,1
轟轟烈烈,1
转身,1
输得,1
辛,2
辛勤,1
辛苦,2
辛酸,1
辣,1
辣㷫,1
辦,1
辦公室,1
辦法,2
辭,1
辭工,1
辭職,1
辯,1
辯方,1
辯解,1
辯論,1
辯護,1
辰,1
農,2
農作物,1
農場,1
農夫,1
農家,1
農曆新年,1
農村,1
農業,1
農田,2
農莊,2
边,2
迅,1
迅速,1
迎,1
迎戰,1
迎接,1
近,2
近乎,1
近來,1
近年,1
近排,1
近日,1
近期,2
近況,1
近視,1
返,2
返去,2
返嚟,2
返大陸,2
返學,1
返屋企,2
返工,2
返轉頭,1
迫,1
述,1
迴避,1
迴響,1
迷,1
迷上,1
迷失,1
迷思,2
迷惘,1
迷戀,1
迷糊,1
追,2
追上,1
追問,1
追夢,1
追擊,1
追數,1
追求,2
追溯,1
追究,1
追蹤,1
追逐,1
退,1
退休,1
退出,1
退化,1
退後,1
退而求其次,1
送,2
送行,1
送貨,1
逃,1
逃亡,1
逃出,1
逃出生天,1
逃走,1
逃避,1
逃離,1
逃難,1
逆,1
逆境,1
逆境波,1
透,1
透明,1
透氣,1
透過,1
透露,1
逐,1
逐一,1
逐个,1
逐漸,1
途,1
途中,1
途徑,1
這,1
這些,1
這個,1
這樣,1
這麼,1
通,1
通告,1
通婚,1
通宵,1
通常,2
通往,1
通知,2
通緝,1
通脹,1
通話,1
通識,1
通通,1
通過,1
通道,1
通電,1
通頂,1
通風報信,1
逛,1
速,1
速度,1
造,1
造成,1
造手,1
逢,1
逢親,1
連,2
連同,1
連埋,1
連環,1
連累,1
連結,1
連綿,1
連繫,1
連續,1
連貫,1
連身裙,1
連鎖,1
連鎖店,1
週年,1
進,1
進修,1
進入,1
進化,1
進去,1
進取,1
進度,1
進步,2
進發,1
進逼,1
進駐,1
逼,1
逼於無奈,1
遇,1
遇上,1
遇到,2
遇襲,1
遇見,1
遊,1
遊客,2
遊戲,2
遊覽,1
運,1
運作,1
運動,2
運氣,1
運用,1
運行,1
運費,1
運輸,1
遍地開花,1
遍地黃金,1
遍體鱗傷,1
過,2
過世,1
過人,1
過份,2
過來,1
過去,2
過問,1
過多,1
過夜,1
過客,1
過山車,1
過年,1
過度,1
過往,1
過後,2
過招,1
過數,1
過日子,1
過時,1
過期,1
過橋,1
過水,1
過海,1
過濾,1
過獎,1
過界,1
過癮,1
過程,2
過節,1
過身,1
過關,1
過電,1
過頭,1
過龍,1
道,2
道具,1
道出,1
道友,1
道士,1
道教,1
道歉,1
道理,2
道義,1
道行,1
道謝,1
道長,2
達,1
達到,1
達成,1
違反,1
遜,1
遞,1
遠,2
遠大,1
遠房,1
遠處,1
遠走高飛,1
遠離,1
適中,1
適合,1
適應,1
適用,1
適當,1
適逢,1
遭,1
遭受,1
遭遇,1
遮,1
遲,1
遲到,1
遲啲,1
遲早,1
遲疑,1
遲鈍,1
遵循,1
遷就,1
選,1
選擇,2
選項,1
遺傳,1
遺忘,1
遺憾,1
遺物,1
遺留,1
遺體,1
避,1
避免,1
避開,1
避難,1
邀請,1
還,1
還手,1
還拖,1
還擊,1
還是,1
還有,1
邊,2
邊個,2
邊個打邊個,1
邊啲,2
邊度,2
邊會,1
邊有咁大隻蛤乸隨街跳,1
邊界,1
邊緣,1
邊邊,1
邊間,2
那,2
那些,1
那個,1
那裏,1
那麼,1
邨,1
邪,1
邪惡,1
郁,1
郁動,1
郁啲,1
郁手,1
郁手郁腳,1
郊野,1
部,2
部分,2
部門,1
部首,1
郭,1
郵件,1
都,2
都似,1
都係,2
都好,2
都會,2
鄉,1
鄉下,1
鄉村,1
鄉親,1
鄧,1
鄭,1
鄰居,1
配,1
配偶,1
配合,1
配套,1
配對,1
配音,1
酒,2
酒保,1
酒吧,2
酒席,1
酒店,1
酒樓,1
酒粒,1
酒精,1
酗酒,1
酬勞,1
酸,1
醇,1
醉,2
醉意,1
醉酒,1
醉酒佬,1
醒,2
醒你,1
醒目,1
醒覺,1
醜,1
醜事,1
醜樣,1
醜聞,1
醜陋,1
醫,2
醫學,2
醫生,2
醫療,1
醫藥,1
醫院,2
釋,1
里,1
重,2
重創,1
重大,1
重心,1
重播,1
重新,2
重犯,1
重申,1
重疊,1
重病,1
重複,1
重要,2
重要性,1
重視,1
重讀,1
重重,1
重頭,1
重點,2
野,2
野心,1
野生,1
野蠻,1
量,1
金,2
金价,1
金剛,1
金屬,1
金毛,1
金睛火眼,1
金絲貓,1
金色,1
金融,1
金邊,1
金銀潤,1
金錢,2
釘,1
針,1
針孔,1
針對,1
釣,1
釣魚,1
銀,1
銀包,1
銀杏,1
銀河,1
銀碼,1
銀色,1
銀行,2
銅,1
銅鑼灣,1
銘記,1
銜,1
銷售,1
鋒,1
鋤,1
鋪,1
鋸,1
鋼,1
鋼材,1
錄,1
錄影,1
錄用,1
錄音,2
錄音筆,1
錐,1
錘,1
錢,2
錢財,1
錦,1
錫,1
錬金術,1
錯,2
錯字,1
錯愕,1
錯手,1
錯覺,1
錯誤,1
錯過,1
錶,1
鍊,1
鍋,1
鍾,2
鍾意,2
鎖,1
鎖匙,1
鎖鏈,1
鎮,1
鎮定,1
鏈,1
鏗鏘,1
鏡片,1
鏡頭,1
鏢,1
鐘,2
鐘數,1
鐘頭,2
鐵,1
鐵線,1
鐵觀音,1
鐵閘,1
鑑,1
鑑於,1
鑽,1
鑽研,1
長,1
長做,1
長命,1
長大,1
長子,1
長年,1
長方形,1
長期,2
長氣,1
長江,1
長生店,1
長短,1
長老,2
長者,1
長處,1
長裙,1
長輩,1
長途,1
長途電話,1
長達,1
长,2
門,2
門口,2
門口狗,1
門生,1
門路,1
門鐘,1
門面,1
閂,1
閂門,1
閃,1
閃光燈,1
閃避,1
閉,1
閉塞,1
閉幕,1
閉路電視,1
開,2
開倉,1
開價,1
開刀,2
開叉,1
開口,2
開口埋口,1
開場白,1
開始,2
開工,2
開市,2
開年,1
開心,2
開戰,1
開房,1
開拓,1
開支,2
開放,1
開會,1
開槍,1
開波,1
開燈,1
開竅,1
開聲,1
開花,1
開茶,1
開車,2
開辦,1
開通,1
開門,2
開門見山,1
開頭,1
開飯,1
開餐,1
閒,1
閒事,1
閒計,1
閒話家常,1
閒錢,1
閒閒哋,1
閒雜,1
間,2
間中,1
間唔中,1
間尺,1
間房,2
間接,1
間斷,1
間歇,1
閘口,1
閘門,1
閣,1
閣樓,1
閹,1
闊,1
闊太,1
闖,1
關,2
關上,1
關乎,1
關事,1
關你咩事,2
關係,2
關口,1
關心,2
關於,2
關注,1
關連,1
關鍵,1
關頭,1
间,1
阡陌,1
防,1
防守,1
防止,1
防治,1
防疫,1
防盜,1
防禦,1
防線,1
阻,1
阻擋,1
阻止,1
阻滯,1
阻礙,1
阿,2
阿三,1
阿仔,2
阿伯,1
阿叔,2
阿哥,2
阿大,1
阿妹,1
阿姐,1
阿姨,2
阿婆,1
阿媽,2
阿媽係女人,1
阿嫂,2
阿嫲,1
阿拉伯文,1
阿毛,1
阿爸,2
阿爺,2
阿爾巴尼亞,1
阿生,1
阿邊個,1
阿頭,1
阿飛,1
陀地,1
附加,1
附和,1
附近,2
附送,1
陋習,1
陌生,2
降,1
降低,1
降臨,1
限,1
限制,1
限度,1
院,2
陣,2
陣地,1
除,2
除了,1
除低,1
除咗,2
除此之外,1
除草,1
除衫,1
除非,2
陪,2
陪審團,1
陰,1
陰德,1
陰暗,1
陰森,1
陰聲細氣,1
陰陽,1
陰陽燭,1
陳,1
陳述,1
陷入,1
陷害,1
陷阱,1
陸續,1
陸陸續續,1
陽,1
陽光,1
陽具,1
隆,1
隆重,1
隊,1
隊冧,1
隊長,1
隋,1
階,1
階層,1
階段,1
階級,1
隔,1
隔日,1
隔籬,2
隔絕,1
隔開,1
隔閡,1
隔離,2
障,1
障礙,1
隧道,1
隨,1
隨住,1
隨便,1
隨即,1
隨口,2
隨後,1
隨心所欲,1
隨意,1
隨手,1
隨時,1
隨機,1
隨身,1
險,1
險境,1
隱,1
隱疾,1
隱瞞,1
隱約,1
隱藏,1
隻,2
隻手遮天,1
雀仔,1
雀躍,1
雄,1
雅,1
集,1
集中,1
集合,1
集團,1
集結,1
集體,1
雌,1
雌性,1
雖,1
雖然,2
雙,1
雙向,1
雙失,1
雙方,1
雙糧,1
雙親,1
雜,1
雜亂,1
雜物,1
雜種,1
雜聲,1
雜草,1
雜誌,1
雜貨舖,1
雜費,1
雞,1
雞乸,1
雞寶,1
雞翼,1
雞飛狗走,1
離,2
離世,1
離場,1
離奇,1
離婚,1
離子,1
離遠,1
離開,2
難,2
難以,1
難以置信,1
難倒,1
難做,2
難受,2
難堪,1
難度,2
難得,2
難忘,1
難搞,1
難料,1
難民,1
難為,1
難睇,2
難聽,2
難講,2
難逃一劫,1
難過,2
難道,1
難關,1
難頂,1
難題,1
雨,2
雨傘,1
雪,1
雪糕,1
雪花,1
雪茄,1
雪藏,1
雲,1
雲層,1
零,2
零下,2
零件,1
零售,1
零碎,1
零食,1
雷,1
電,2
電光火石,1
電力,2
電台,1
電器,1
電子,2
電影,2
電梯,2
電池,1
電療,1
電競,1
電線,1
電纜,1
電聯,1
電腦,2
電視,2
電視劇,1
電話,2
電話筒,1
電話號碼,2
電費,1
電郵,1
需,2
需求,1
需要,2
震,1
震動,1
震撼,1
震機,1
震過貓王,1
震驚,1
霉,1
霍,1
霎時間,1
霜,1
露,1
露台,1
露面,1
霸,1
霸權,1
霸氣,1
靈,1
靈位,1
靈堂,1
靈活,1
靈芝,1
靈魂,1
青,1
青少年,1
青島,2
青年,2
青春,1
青筋,1
青衣,1
靚,2
靚仔,2
靚女,1
靜,2
靜心,1
靜雞雞,1
靜靜,2
靜靜雞,1
靜音,1
非,2
非份之想,1
非常,2
非常之,2
非法,2
非洲,1
非親非故,1
非黑即白,1
靠,1
靠近,1
靡,1
面,2
面前,2
面向,2
面善,1
面子,2
面容,1
面對,2
面對面,2
面珠墩,1
面皮,1
面積,1
面臨,1
面色,2
面診,1
面試,1
面部,1
革新,1
靴,1
靶,1
鞋,1
鞍,1
鞏固,1
鞠躬,1
鞠躬盡瘁,1
鞭,1
鞭打,1
韁,1
韓,1
韓國,1
韓文,2
音,2
音樂,2
音標,1
音節,1
音調,1
音量,1
音高,1
韻,1
韻尾,1
響,2
響起,2
頁,1
頂,1
頂住,1
頂唔住,1
頂唔順,1
頂得順,1
頂撞,1
項目,1
順,1
順住,1
順便,1
順其自然,1
順利,2
順口,1
順境,1
順帶,1
順手,1
順理成章,1
須,1
預,1
預備,1
預告,1
預感,1
預期,1
預測,1
預約,1
預言,1
預訂,1
預計,1
頑固,1
頒,1
頒發,1
頓,1
領,1
領導,1
領悟,1
領袖,1
領隊,1
頤,1
頭,2
頭先,2
頭暈,1
頭痛,2
頭皮,1
頭破血流,1
頭緒,1
頭腦,1
頭落,1
頭頂,1
頭頭碰着黑,1
頭馬,1
頭髮,1
頸,1
頸鍊,1
頹,1
頻密,1
頻率,1
頻繁,1
頻頻,1
題,1
題外話,1
題材,1
題目,1
額,1
額外,1
額頭,1
顏,1
顏料,1
顏色,1
願,1
願意,1
願景,1
願望,1
顛倒,1
類,2
類似,1
類別,1
類型,1
顧,1
顧全,1
顧及,1
顧名思義,1
顧客,1
顧家,1
顯,1
顯得,1
顯眼,1
顯示,1
風,2
風光,1
風力,1
風吹雨打,1
風平浪靜,1
風度,1
風景,1
風格,1
風水,1
風褸,1
風車,1
風險,2
風雨,1
颱風,1
飄忽,1
飄揚,1
飄泊,1
飆,1
飛,2
飛快,1
飛機,2
飛的,1
飛行棋,1
飛起,1
食,2
食嘢,2
食客,1
食宿,1
食屎,1
食指,1
食煙,1
食物,2
食糖,1
食糧,1
食自己,1
食草,1
食軟飯,1
食飯,2
食飽,1
飢荒,1
飯,2
飯堂,1
飯局,1
飯店,1
飯枱,1
飯盒,1
飯碗,1
飲,2
飲品,1
飲嘢,1
飲大,1
飲大咗,1
飲奶,2
飲得,2
飲杯,1
飲茶,2
飲酒,2
飴,1
飼料,1
飽,1
飽歷風霜,1
飽滿,1
飾,1
飾演,1
餅,1
餅乾,1
養,1
養大,1
養生,1
養病,1
養老,1
養育,1
餐,2
餐具,1
餐廳,2
餐桌,1
餐牌,1
餐飲,1
餐館,1
餓,2
餘,1
餘下,1
館,1
餵,1
餵飼,1
餸,1
餿,1
饭,1
首,2
首先,2
首次,1
首當其衝,1
首要,1
首都,2
香,2
香檳,1
香港,2
香港中文大學,2
香港仔,1
香港地,1
香港大學,2
香濃,1
香煙,1
香燭,1
香爐,1
香爐灰,1
香片,1
馬,2
馬仔,1
馬伕,1
馬來西亞,1
馬場,1
馬尾,1
馬房,1
馬拉,1
馬會,1
馬桶,1
馬路,2
馬蹄,1
馬車,2
馬騮,1
馮,1
馴,1
馴服,1
駁,1
駁咀,1
駁回,1
駐,1
駛,1
騎師,1
騎膊馬,1
騙,1
騙子,1
騰,1
騰騰震,1
騷,1
騷動,1
騷擾,1
驅逐,1
驅風,1
驕傲,1
驗收,1
驚,1
驚人,1
驚動,1
驚喜,1
驚奇,1
驚恐,1
驚慌,1
驚歎,1
驚死,1
驚覺,1
驚訝,1
驚險,1
驟眼,1
驢,1
驢仔,1
骨,1
骨場,1
骨肉,1
骨頭,1
骰盅,1
骷髏骨,1
體,1
體制,1
體力,1
體型,1
體會,1
體現,1
體系,1
體罰,1
體能,1
體諒,1
體質,1
體驗,1
高,2
高位,1
高呼,1
高地,1
高大,1
高尚,1
高層,1
高度,1
高昂,1
高明,1
高樓,1
高歌,1
高燒,1
高級,1
高聲,1
高興,1
高舉,1
高薪,1
高質,1
髮,1
髮廊,1
鬃毛,1
鬆,1
鬆一口氣,1
鬆動,1
鬆開,1
鬚,1
鬥,1
鬥志,1
鬧,2
鬧交,2
鬧劇,1
鬧翻,1
鬱悶,1
鬼,2
鬼上身,1
鬼仔,1
鬼叫,1
鬼唔知,1
鬼影都冇隻,1
鬼才,1
鬼死咁,1
鬼魂,1
鬼鼠,1
魂飛魄散,1
魄,1
魅,1
魅力,1
魔,1
魔法,2
魔王,1
魔術,1
魔鬼,1
魚,1
魚翅,1
魚肉,1
魚腩,1
魯,1
魷魚,1
鮮,1
鮮奶,1
鱷魚,1
鳥,1
鳥獸,1
鳩,1
鳴,1
鴉,1
鴦走,1
鴨,1
鴨仔,1
鴿,1
鵝,1
鵝肝,1
鹹,1
鹹濕,1
鹼性,1
鹼水,1
鹽,1
麥當勞,1
麻,2
麻將,1
麻木,1
麻煩,2
麻甩佬,1
麻醉,1
麻雀,1
麻雀館,1
麻麻,1
麻麻哋,1
麼,1
黃,1
黃昏,1
黃牛飛,1
黃色,2
黃金,2
黃銅,1
黎,2
黎明,1
黐,1
黐線,1
黐身,1
黑,2
黑仔,1
黑夜,1
黑暗,1
黑死病,1
黑白,2
黑社會,1
黑糖,1
黑色,2
黑道,1
黑面,1
默,1
默默,1
點,2
點呀,2
點唱,1
點心,1
點心紙,1
點收,1
點樣,2
點樣去,2
點止,1
點睇,1
點知,2
點算,2
點解,2
點都好,1
點鐘,2
點頭,2
黨,1
鼓,1
鼓勵,1
鼓起,1
鼠,1
鼻,2
鼻咽,1
鼻哥,1
鼻哥窿,1
鼻樑,1
鼻涕,1
鼻涕蟲,1
鼻環,1
鼻腔,1
鼻血,1
鼻音,2
鼻鼾,1
齊,1
齊心,1
齊整,1
齊聲,1
齊頭,1
齊齊,2
齋,1
齒,1
齒輪,1
齣,1
龍,2
龍門,1
龐大,1
龜,2
龜縮,1
𠝹,1
𠺝,1
𠺢嘛,2
𡃁,1
𡃁仔,1
𡃁模,1
𢯎,1
𢯎晒頭,1
𥄫,1
𥇣,1
𨋢,1
：,2
？,2
啊,2
。,2
，,2
瑪雅,1
寵物小精靈,1
靳,2
綿,1
